sitio;fecha;avance_pct;volumen_proyectado_m3
1;13/09/2026;100;310
2;13/09/2026;100;283
3;13/09/2026;100;344
4;13/09/2026;100;371
5;13/09/2026;100;266
6;13/09/2026;30;253
7;13/09/2026;55;370
8;13/09/2026;80;316
9;13/09/2026;0;309
10;13/09/2026;0;299
11;13/09/2026;0;370
12;13/09/2026;0;371
13;13/09/2026;0;351
14;13/09/2026;0;288
15;13/09/2026;0;309
16;13/09/2026;0;288
17;13/09/2026;0;349
18;13/09/2026;0;253
19;13/09/2026;0;266
20;13/09/2026;0;290
21;13/09/2026;0;260
22;13/09/2026;0;327
23;13/09/2026;0;257
24;13/09/2026;0;318
25;13/09/2026;0;371
26;13/09/2026;0;349
27;13/09/2026;0;359
28;13/09/2026;0;351
29;13/09/2026;0;363
30;13/09/2026;0;284
31;13/09/2026;0;343
32;13/09/2026;0;274
33;13/09/2026;0;259
34;13/09/2026;0;284
35;13/09/2026;0;376
36;13/09/2026;0;305
37;13/09/2026;0;316
38;13/09/2026;0;361
39;13/09/2026;0;327
40;13/09/2026;0;357
41;13/09/2026;0;379
42;13/09/2026;0;348
43;13/09/2026;0;339
44;13/09/2026;0;354
45;13/09/2026;0;309
46;13/09/2026;0;336
47;13/09/2026;0;257
48;13/09/2026;0;321
1;27/09/2026;100;310
2;27/09/2026;100;283
3;27/09/2026;100;344
4;27/09/2026;100;371
5;27/09/2026;100;266
6;27/09/2026;100;253
7;27/09/2026;100;370
8;27/09/2026;100;316
9;27/09/2026;100;309
10;27/09/2026;30;299
11;27/09/2026;55;370
12;27/09/2026;80;371
13;27/09/2026;0;351
14;27/09/2026;0;288
15;27/09/2026;0;309
16;27/09/2026;0;288
17;27/09/2026;0;349
18;27/09/2026;0;253
19;27/09/2026;0;266
20;27/09/2026;0;290
21;27/09/2026;0;260
22;27/09/2026;0;327
23;27/09/2026;0;257
24;27/09/2026;0;318
25;27/09/2026;0;371
26;27/09/2026;0;349
27;27/09/2026;0;359
28;27/09/2026;0;351
29;27/09/2026;0;363
30;27/09/2026;0;284
31;27/09/2026;0;343
32;27/09/2026;0;274
33;27/09/2026;0;259
34;27/09/2026;0;284
35;27/09/2026;0;376
36;27/09/2026;0;305
37;27/09/2026;0;316
38;27/09/2026;0;361
39;27/09/2026;0;327
40;27/09/2026;0;357
41;27/09/2026;0;379
42;27/09/2026;0;348
43;27/09/2026;0;339
44;27/09/2026;0;354
45;27/09/2026;0;309
46;27/09/2026;0;336
47;27/09/2026;0;257
48;27/09/2026;0;321
1;04/10/2026;100;310
2;04/10/2026;100;283
3;04/10/2026;100;344
4;04/10/2026;100;371
5;04/10/2026;100;266
6;04/10/2026;100;253
7;04/10/2026;100;370
8;04/10/2026;100;316
9;04/10/2026;100;309
10;04/10/2026;100;299
11;04/10/2026;100;370
12;04/10/2026;100;371
13;04/10/2026;30;351
14;04/10/2026;55;288
15;04/10/2026;80;309
16;04/10/2026;0;288
17;04/10/2026;0;349
18;04/10/2026;0;253
19;04/10/2026;0;266
20;04/10/2026;0;290
21;04/10/2026;0;260
22;04/10/2026;0;327
23;04/10/2026;0;257
24;04/10/2026;0;318
25;04/10/2026;0;371
26;04/10/2026;0;349
27;04/10/2026;0;359
28;04/10/2026;0;351
29;04/10/2026;0;363
30;04/10/2026;0;284
31;04/10/2026;0;343
32;04/10/2026;0;274
33;04/10/2026;0;259
34;04/10/2026;0;284
35;04/10/2026;0;376
36;04/10/2026;0;305
37;04/10/2026;0;316
38;04/10/2026;0;361
39;04/10/2026;0;327
40;04/10/2026;0;357
41;04/10/2026;0;379
42;04/10/2026;0;348
43;04/10/2026;0;339
44;04/10/2026;0;354
45;04/10/2026;0;309
46;04/10/2026;0;336
47;04/10/2026;0;257
48;04/10/2026;0;321
