sitio;zona;estado;fecha_entrega
1;acceso;entregado;13-08-2026
1;living;entregado;16-08-2026
1;patio;entregado;19-08-2026
2;acceso;entregado;13-08-2026
2;living;entregado;16-08-2026
2;patio;entregado;19-08-2026
3;acceso;entregado;13-08-2026
3;living;entregado;16-08-2026
3;patio;entregado;19-08-2026
4;acceso;entregado;16-08-2026
4;living;entregado;19-08-2026
4;patio;entregado;22-08-2026
5;acceso;entregado;16-08-2026
5;living;entregado;19-08-2026
5;patio;entregado;22-08-2026
6;acceso;entregado;16-08-2026
6;living;entregado;19-08-2026
6;patio;entregado;22-08-2026
7;acceso;entregado;19-08-2026
7;living;entregado;22-08-2026
7;patio;entregado;25-08-2026
8;acceso;entregado;19-08-2026
8;living;entregado;22-08-2026
8;patio;entregado;25-08-2026
9;acceso;entregado;19-08-2026
9;living;entregado;22-08-2026
9;patio;entregado;25-08-2026
10;acceso;entregado;22-08-2026
10;living;entregado;25-08-2026
10;patio;entregado;28-08-2026
11;acceso;entregado;22-08-2026
11;living;entregado;25-08-2026
11;patio;entregado;28-08-2026
12;acceso;entregado;22-08-2026
12;living;entregado;25-08-2026
12;patio;entregado;28-08-2026
13;acceso;entregado;25-08-2026
13;living;entregado;28-08-2026
13;patio;entregado;31-08-2026
14;acceso;entregado;25-08-2026
14;living;entregado;28-08-2026
14;patio;entregado;31-08-2026
15;acceso;entregado;25-08-2026
15;living;entregado;28-08-2026
15;patio;entregado;31-08-2026
16;acceso;entregado;28-08-2026
16;living;entregado;31-08-2026
16;patio;entregado;03-09-2026
17;acceso;entregado;28-08-2026
17;living;entregado;31-08-2026
17;patio;entregado;03-09-2026
18;acceso;entregado;28-08-2026
18;living;entregado;31-08-2026
18;patio;entregado;03-09-2026
19;acceso;entregado;31-08-2026
19;living;entregado;03-09-2026
19;patio;entregado;06-09-2026
20;acceso;entregado;31-08-2026
20;living;entregado;03-09-2026
20;patio;entregado;06-09-2026
21;acceso;entregado;31-08-2026
21;living;entregado;03-09-2026
21;patio;entregado;06-09-2026
22;acceso;entregado;03-09-2026
22;living;entregado;06-09-2026
22;patio;entregado;09-09-2026
23;acceso;entregado;03-09-2026
23;living;entregado;06-09-2026
23;patio;entregado;09-09-2026
24;acceso;entregado;03-09-2026
24;living;entregado;06-09-2026
24;patio;entregado;09-09-2026
25;acceso;entregado;06-09-2026
25;living;entregado;09-09-2026
25;patio;entregado;12-09-2026
26;acceso;entregado;06-09-2026
26;living;entregado;09-09-2026
26;patio;entregado;12-09-2026
27;acceso;entregado;06-09-2026
27;living;entregado;09-09-2026
27;patio;entregado;12-09-2026
28;acceso;entregado;09-09-2026
28;living;entregado;12-09-2026
28;patio;entregado;15-09-2026
29;acceso;entregado;09-09-2026
29;living;entregado;12-09-2026
29;patio;entregado;15-09-2026
30;acceso;entregado;09-09-2026
30;living;entregado;12-09-2026
30;patio;entregado;15-09-2026
31;acceso;entregado;12-09-2026
31;living;entregado;15-09-2026
31;patio;entregado;18-09-2026
32;acceso;entregado;12-09-2026
32;living;entregado;15-09-2026
32;patio;entregado;18-09-2026
33;acceso;entregado;12-09-2026
33;living;entregado;15-09-2026
33;patio;entregado;18-09-2026
34;acceso;entregado;15-09-2026
34;living;entregado;18-09-2026
34;patio;entregado;21-09-2026
35;acceso;entregado;15-09-2026
35;living;entregado;18-09-2026
35;patio;entregado;21-09-2026
36;acceso;entregado;15-09-2026
36;living;entregado;18-09-2026
36;patio;entregado;21-09-2026
37;acceso;entregado;18-09-2026
37;living;entregado;21-09-2026
37;patio;entregado;24-09-2026
38;acceso;entregado;18-09-2026
38;living;entregado;21-09-2026
38;patio;entregado;24-09-2026
39;acceso;entregado;18-09-2026
39;living;entregado;21-09-2026
39;patio;entregado;24-09-2026
40;acceso;entregado;21-09-2026
40;living;entregado;24-09-2026
40;patio;en proceso;
41;acceso;entregado;21-09-2026
41;living;entregado;24-09-2026
41;patio;en proceso;
42;acceso;entregado;21-09-2026
42;living;entregado;24-09-2026
42;patio;en proceso;
43;acceso;entregado;24-09-2026
43;living;en proceso;
43;patio;en proceso;
44;acceso;entregado;24-09-2026
44;living;en proceso;
44;patio;en proceso;
45;acceso;entregado;24-09-2026
45;living;en proceso;
45;patio;en proceso;
46;acceso;en proceso;
46;living;en proceso;
47;acceso;en proceso;
47;living;en proceso;
48;acceso;en proceso;
48;living;en proceso;
