sitio;inicio;termino;actividad;tarea
1;03/08/2026;07/08/2026;;Excavación a máquina zonas de arcilla bajo radieres, semana 8
2;03/08/2026;07/08/2026;;Excavación a máquina zonas de arcilla bajo radieres, semana 8
3;10/08/2026;14/08/2026;;Excavación a máquina zonas de arcilla bajo radieres, semana 9
4;10/08/2026;14/08/2026;;Excavación a máquina zonas de arcilla bajo radieres, semana 9
5;17/08/2026;21/08/2026;;Excavación a máquina zonas de arcilla bajo radieres, semana 10
6;17/08/2026;21/08/2026;;Excavación a máquina zonas de arcilla bajo radieres, semana 10
7;24/08/2026;28/08/2026;;Excavación a máquina zonas de arcilla bajo radieres, semana 11
8;24/08/2026;28/08/2026;;Excavación a máquina zonas de arcilla bajo radieres, semana 11
9;31/08/2026;04/09/2026;;Excavación a máquina zonas de arcilla bajo radieres, semana 12
10;31/08/2026;04/09/2026;;Excavación a máquina zonas de arcilla bajo radieres, semana 12
11;07/09/2026;11/09/2026;;Excavación a máquina zonas de arcilla bajo radieres, semana 13
12;07/09/2026;11/09/2026;;Excavación a máquina zonas de arcilla bajo radieres, semana 13
13;21/09/2026;25/09/2026;;Excavación a máquina zonas de arcilla bajo radieres, semana 15
14;21/09/2026;25/09/2026;;Excavación a máquina zonas de arcilla bajo radieres, semana 15
15;28/09/2026;02/10/2026;;Excavación a máquina zonas de arcilla bajo radieres, semana 16
16;28/09/2026;02/10/2026;;Excavación a máquina zonas de arcilla bajo radieres, semana 16
17;05/10/2026;09/10/2026;;Excavación a máquina zonas de arcilla bajo radieres, semana 17
18;05/10/2026;09/10/2026;;Excavación a máquina zonas de arcilla bajo radieres, semana 17
19;12/10/2026;16/10/2026;;Excavación a máquina zonas de arcilla bajo radieres, semana 18
20;12/10/2026;16/10/2026;;Excavación a máquina zonas de arcilla bajo radieres, semana 18
21;19/10/2026;23/10/2026;;Excavación a máquina zonas de arcilla bajo radieres, semana 19
22;19/10/2026;23/10/2026;;Excavación a máquina zonas de arcilla bajo radieres, semana 19
23;26/10/2026;30/10/2026;;Excavación a máquina zonas de arcilla bajo radieres, semana 20
24;26/10/2026;30/10/2026;;Excavación a máquina zonas de arcilla bajo radieres, semana 20
25;02/11/2026;06/11/2026;;Excavación a máquina zonas de arcilla bajo radieres, semana 21
26;02/11/2026;06/11/2026;;Excavación a máquina zonas de arcilla bajo radieres, semana 21
27;09/11/2026;13/11/2026;;Excavación a máquina zonas de arcilla bajo radieres, semana 22
28;09/11/2026;13/11/2026;;Excavación a máquina zonas de arcilla bajo radieres, semana 22
29;16/11/2026;20/11/2026;;Excavación a máquina zonas de arcilla bajo radieres, semana 23
30;16/11/2026;20/11/2026;;Excavación a máquina zonas de arcilla bajo radieres, semana 23
31;23/11/2026;27/11/2026;;Excavación a máquina zonas de arcilla bajo radieres, semana 24
32;23/11/2026;27/11/2026;;Excavación a máquina zonas de arcilla bajo radieres, semana 24
33;30/11/2026;04/12/2026;;Excavación a máquina zonas de arcilla bajo radieres, semana 25
34;30/11/2026;04/12/2026;;Excavación a máquina zonas de arcilla bajo radieres, semana 25
35;07/12/2026;11/12/2026;;Excavación a máquina zonas de arcilla bajo radieres, semana 26
36;07/12/2026;11/12/2026;;Excavación a máquina zonas de arcilla bajo radieres, semana 26
37;14/12/2026;18/12/2026;;Excavación a máquina zonas de arcilla bajo radieres, semana 27
38;14/12/2026;18/12/2026;;Excavación a máquina zonas de arcilla bajo radieres, semana 27
39;21/12/2026;24/12/2026;;Excavación a máquina zonas de arcilla bajo radieres, semana 28 (extrapolado)
40;21/12/2026;24/12/2026;;Excavación a máquina zonas de arcilla bajo radieres, semana 28 (extrapolado)
41;28/12/2026;31/12/2026;;Excavación a máquina zonas de arcilla bajo radieres, semana 29 (extrapolado)
42;28/12/2026;31/12/2026;;Excavación a máquina zonas de arcilla bajo radieres, semana 29 (extrapolado)
43;04/01/2027;08/01/2027;;Excavación a máquina zonas de arcilla bajo radieres, semana 30 (extrapolado)
44;04/01/2027;08/01/2027;;Excavación a máquina zonas de arcilla bajo radieres, semana 30 (extrapolado)
45;11/01/2027;15/01/2027;;Excavación a máquina zonas de arcilla bajo radieres, semana 31 (extrapolado)
46;11/01/2027;15/01/2027;;Excavación a máquina zonas de arcilla bajo radieres, semana 31 (extrapolado)
47;18/01/2027;22/01/2027;;Excavación a máquina zonas de arcilla bajo radieres, semana 32 (extrapolado)
48;18/01/2027;22/01/2027;;Excavación a máquina zonas de arcilla bajo radieres, semana 32 (extrapolado)
