tarea;inicio;termino
Entrega acceso sitio 1;03-08-2026;08-08-2026
Entrega living sitio 1;10-08-2026;15-08-2026
Entrega patio sitio 1;17-08-2026;22-08-2026
Entrega acceso sitio 2;03-08-2026;08-08-2026
Entrega living sitio 2;10-08-2026;15-08-2026
Entrega patio sitio 2;17-08-2026;22-08-2026
Entrega acceso sitio 3;03-08-2026;08-08-2026
Entrega living sitio 3;10-08-2026;15-08-2026
Entrega patio sitio 3;17-08-2026;22-08-2026
Entrega acceso sitio 4;10-08-2026;15-08-2026
Entrega living sitio 4;17-08-2026;22-08-2026
Entrega patio sitio 4;24-08-2026;29-08-2026
Entrega acceso sitio 5;10-08-2026;15-08-2026
Entrega living sitio 5;17-08-2026;22-08-2026
Entrega patio sitio 5;24-08-2026;29-08-2026
Entrega acceso sitio 6;10-08-2026;15-08-2026
Entrega living sitio 6;17-08-2026;22-08-2026
Entrega patio sitio 6;24-08-2026;29-08-2026
Entrega acceso sitio 7;17-08-2026;22-08-2026
Entrega living sitio 7;24-08-2026;29-08-2026
Entrega patio sitio 7;31-08-2026;05-09-2026
Entrega acceso sitio 8;17-08-2026;22-08-2026
Entrega living sitio 8;24-08-2026;29-08-2026
Entrega patio sitio 8;31-08-2026;05-09-2026
Entrega acceso sitio 9;17-08-2026;22-08-2026
Entrega living sitio 9;24-08-2026;29-08-2026
Entrega patio sitio 9;31-08-2026;05-09-2026
Entrega acceso sitio 10;24-08-2026;29-08-2026
Entrega living sitio 10;31-08-2026;05-09-2026
Entrega patio sitio 10;07-09-2026;12-09-2026
Entrega acceso sitio 11;24-08-2026;29-08-2026
Entrega living sitio 11;31-08-2026;05-09-2026
Entrega patio sitio 11;07-09-2026;12-09-2026
Entrega acceso sitio 12;24-08-2026;29-08-2026
Entrega living sitio 12;31-08-2026;05-09-2026
Entrega patio sitio 12;07-09-2026;12-09-2026
Entrega acceso sitio 13;31-08-2026;05-09-2026
Entrega living sitio 13;07-09-2026;12-09-2026
Entrega patio sitio 13;14-09-2026;19-09-2026
Entrega acceso sitio 14;31-08-2026;05-09-2026
Entrega living sitio 14;07-09-2026;12-09-2026
Entrega patio sitio 14;14-09-2026;19-09-2026
Entrega acceso sitio 15;31-08-2026;05-09-2026
Entrega living sitio 15;07-09-2026;12-09-2026
Entrega patio sitio 15;14-09-2026;19-09-2026
Entrega acceso sitio 16;07-09-2026;12-09-2026
Entrega living sitio 16;14-09-2026;19-09-2026
Entrega patio sitio 16;21-09-2026;26-09-2026
Entrega acceso sitio 17;07-09-2026;12-09-2026
Entrega living sitio 17;14-09-2026;19-09-2026
Entrega patio sitio 17;21-09-2026;26-09-2026
Entrega acceso sitio 18;07-09-2026;12-09-2026
Entrega living sitio 18;14-09-2026;19-09-2026
Entrega patio sitio 18;21-09-2026;26-09-2026
Entrega acceso sitio 19;14-09-2026;19-09-2026
Entrega living sitio 19;21-09-2026;26-09-2026
Entrega patio sitio 19;28-09-2026;03-10-2026
Entrega acceso sitio 20;14-09-2026;19-09-2026
Entrega living sitio 20;21-09-2026;26-09-2026
Entrega patio sitio 20;28-09-2026;03-10-2026
Entrega acceso sitio 21;14-09-2026;19-09-2026
Entrega living sitio 21;21-09-2026;26-09-2026
Entrega patio sitio 21;28-09-2026;03-10-2026
Entrega acceso sitio 22;21-09-2026;26-09-2026
Entrega living sitio 22;28-09-2026;03-10-2026
Entrega patio sitio 22;05-10-2026;10-10-2026
Entrega acceso sitio 23;21-09-2026;26-09-2026
Entrega living sitio 23;28-09-2026;03-10-2026
Entrega patio sitio 23;05-10-2026;10-10-2026
Entrega acceso sitio 24;21-09-2026;26-09-2026
Entrega living sitio 24;28-09-2026;03-10-2026
Entrega patio sitio 24;05-10-2026;10-10-2026
Entrega acceso sitio 25;28-09-2026;03-10-2026
Entrega living sitio 25;05-10-2026;10-10-2026
Entrega patio sitio 25;12-10-2026;17-10-2026
Entrega acceso sitio 26;28-09-2026;03-10-2026
Entrega living sitio 26;05-10-2026;10-10-2026
Entrega patio sitio 26;12-10-2026;17-10-2026
Entrega acceso sitio 27;28-09-2026;03-10-2026
Entrega living sitio 27;05-10-2026;10-10-2026
Entrega patio sitio 27;12-10-2026;17-10-2026
Entrega acceso sitio 28;05-10-2026;10-10-2026
Entrega living sitio 28;12-10-2026;17-10-2026
Entrega patio sitio 28;19-10-2026;24-10-2026
Entrega acceso sitio 29;05-10-2026;10-10-2026
Entrega living sitio 29;12-10-2026;17-10-2026
Entrega patio sitio 29;19-10-2026;24-10-2026
Entrega acceso sitio 30;05-10-2026;10-10-2026
Entrega living sitio 30;12-10-2026;17-10-2026
Entrega patio sitio 30;19-10-2026;24-10-2026
Entrega acceso sitio 31;12-10-2026;17-10-2026
Entrega living sitio 31;19-10-2026;24-10-2026
Entrega patio sitio 31;26-10-2026;31-10-2026
Entrega acceso sitio 32;12-10-2026;17-10-2026
Entrega living sitio 32;19-10-2026;24-10-2026
Entrega patio sitio 32;26-10-2026;31-10-2026
Entrega acceso sitio 33;12-10-2026;17-10-2026
Entrega living sitio 33;19-10-2026;24-10-2026
Entrega patio sitio 33;26-10-2026;31-10-2026
Entrega acceso sitio 34;19-10-2026;24-10-2026
Entrega living sitio 34;26-10-2026;31-10-2026
Entrega patio sitio 34;02-11-2026;07-11-2026
Entrega acceso sitio 35;19-10-2026;24-10-2026
Entrega living sitio 35;26-10-2026;31-10-2026
Entrega patio sitio 35;02-11-2026;07-11-2026
Entrega acceso sitio 36;19-10-2026;24-10-2026
Entrega living sitio 36;26-10-2026;31-10-2026
Entrega patio sitio 36;02-11-2026;07-11-2026
Entrega acceso sitio 37;26-10-2026;31-10-2026
Entrega living sitio 37;02-11-2026;07-11-2026
Entrega patio sitio 37;09-11-2026;14-11-2026
Entrega acceso sitio 38;26-10-2026;31-10-2026
Entrega living sitio 38;02-11-2026;07-11-2026
Entrega patio sitio 38;09-11-2026;14-11-2026
Entrega acceso sitio 39;26-10-2026;31-10-2026
Entrega living sitio 39;02-11-2026;07-11-2026
Entrega patio sitio 39;09-11-2026;14-11-2026
Entrega acceso sitio 40;02-11-2026;07-11-2026
Entrega living sitio 40;09-11-2026;14-11-2026
Entrega patio sitio 40;16-11-2026;21-11-2026
Entrega acceso sitio 41;02-11-2026;07-11-2026
Entrega living sitio 41;09-11-2026;14-11-2026
Entrega patio sitio 41;16-11-2026;21-11-2026
Entrega acceso sitio 42;02-11-2026;07-11-2026
Entrega living sitio 42;09-11-2026;14-11-2026
Entrega patio sitio 42;16-11-2026;21-11-2026
Entrega acceso sitio 43;09-11-2026;14-11-2026
Entrega living sitio 43;16-11-2026;21-11-2026
Entrega patio sitio 43;23-11-2026;28-11-2026
Entrega acceso sitio 44;09-11-2026;14-11-2026
Entrega living sitio 44;16-11-2026;21-11-2026
Entrega patio sitio 44;23-11-2026;28-11-2026
Entrega acceso sitio 45;09-11-2026;14-11-2026
Entrega living sitio 45;16-11-2026;21-11-2026
Entrega patio sitio 45;23-11-2026;28-11-2026
Entrega acceso sitio 46;16-11-2026;21-11-2026
Entrega living sitio 46;23-11-2026;28-11-2026
Entrega patio sitio 46;30-11-2026;05-12-2026
Entrega acceso sitio 47;16-11-2026;21-11-2026
Entrega living sitio 47;23-11-2026;28-11-2026
Entrega patio sitio 47;30-11-2026;05-12-2026
Entrega acceso sitio 48;16-11-2026;21-11-2026
Entrega living sitio 48;23-11-2026;28-11-2026
Entrega patio sitio 48;30-11-2026;05-12-2026
Escarpe edificio 1;17-08-2026;02-10-2026
