TICKET;FECHA;HORA;PATENTE;VOLUMEN_M3;SECTOR;TIPO;ESTADO
1;03/08/2026;08:13;DFLK77;14,0;1;DESCARPE;VALIDO
2;03/08/2026;08:48;LZRJ70;24,0;2;DESCARPE;VALIDO
3;03/08/2026;09:31;LZRJ70;24,0;1;DESCARPE;VALIDO
4;03/08/2026;09:57;DFLK77;14,0;1;DESCARPE;VALIDO
5;03/08/2026;10:48;LZRJ70;24,0;2;DESCARPE;VALIDO
6;03/08/2026;11:12;TRSL61;25,0;2;DESCARPE;VALIDO
7;03/08/2026;11:52;DFLK77;14,0;1;DESCARPE;VALIDO
8;03/08/2026;12:42;DZGW60;22,0;2;DESCARPE;VALIDO
9;03/08/2026;13:22;DZGW60;22,0;2;DESCARPE;VALIDO
10;04/08/2026;08:08;DFLK77;14,0;2;CORTE;VALIDO
11;04/08/2026;08:45;DFLK77;14,0;;CORTE;VALIDO
12;04/08/2026;09:24;KHPT12;20,0;1;CORTE;VALIDO
13;04/08/2026;10:04;TRSL61;25,0;;CORTE;VALIDO
14;04/08/2026;10:44;LZRJ70;24,0;1;CORTE;VALIDO
15;04/08/2026;11:13;LZRJ70;24,0;2;CORTE;VALIDO
16;04/08/2026;12:03;BWRS48;14,0;2;CORTE;VALIDO
17;04/08/2026;12:42;KHPT12;20,0;1;CORTE;VALIDO
18;04/08/2026;13:13;DFLK77;14,0;1;CORTE;VALIDO
19;04/08/2026;13:51;GXVL25;22,0;1;CORTE;VALIDO
20;04/08/2026;14:31;GXVL25;22,0;;CORTE;VALIDO
21;04/08/2026;15:15;TRSL61;25,0;;CORTE;VALIDO
22;04/08/2026;15:57;DFLK77;14,0;2;CORTE;VALIDO
23;04/08/2026;16:31;KHPT12;20,0;2;CORTE;VALIDO
24;05/08/2026;08:06;GXVL25;22,0;;CORTE;VALIDO
25;05/08/2026;08:47;GXVL25;22,0;1;CORTE;VALIDO
26;05/08/2026;09:22;TRSL61;25,0;2;CORTE;VALIDO
27;05/08/2026;10:05;BWRS48;14,0;1;CORTE;VALIDO
28;05/08/2026;10:40;BWRS48;14,0;1;CORTE;VALIDO
29;05/08/2026;11:18;DZGW60;22,0;2;CORTE;VALIDO
30;05/08/2026;11:59;GXVL25;22,0;2;CORTE;VALIDO
31;05/08/2026;12:44;TRSL61;25,0;2;CORTE;VALIDO
32;05/08/2026;13:11;DZGW60;22,0;1;CORTE;VALIDO
33;05/08/2026;13:47;DFLK77;14,0;2;CORTE;VALIDO
34;05/08/2026;14:27;KHPT12;20,0;1;CORTE;VALIDO
35;05/08/2026;15:10;BWRS48;14,0;2;CORTE;VALIDO
36;06/08/2026;08:02;TRSL61;25,0;2;CORTE;VALIDO
37;06/08/2026;08:43;GXVL25;22,0;1;CORTE;VALIDO
38;06/08/2026;09:31;LZRJ70;24,0;1;CORTE;VALIDO
39;06/08/2026;10:06;DFLK77;14,0;1;CORTE;VALIDO
40;06/08/2026;10:37;GXVL25;22,0;1;CORTE;VALIDO
41;06/08/2026;11:18;BWRS48;14,0;1;CORTE;VALIDO
42;06/08/2026;12:01;DZGW60;22,0;2;CORTE;VALIDO
43;06/08/2026;12:41;GXVL25;22,0;2;CORTE;VALIDO
44;06/08/2026;13:21;LZRJ70;24,0;1;CORTE;VALIDO
45;06/08/2026;14:01;GXVL25;22,0;1;CORTE;VALIDO
46;06/08/2026;14:30;DZGW60;22,0;1;CORTE;VALIDO
47;06/08/2026;15:05;LZRJ70;24,0;2;CORTE;VALIDO
48;06/08/2026;15:45;DFLK77;14,0;1;CORTE;VALIDO
49;07/08/2026;08:14;GXVL25;22,0;1;CORTE;VALIDO
50;07/08/2026;08:48;DFLK77;14,0;1;CORTE;VALIDO
51;07/08/2026;09:32;LZRJ70;24,0;1;CORTE;VALIDO
52;07/08/2026;10:01;TRSL61;25,0;;CORTE;VALIDO
53;07/08/2026;10:44;DFLK77;14,0;1;CORTE;VALIDO
54;07/08/2026;11:21;DZGW60;22,0;1;CORTE;VALIDO
55;07/08/2026;12:02;KHPT12;20,0;1;CORTE;VALIDO
56;07/08/2026;12:37;DFLK77;14,0;1;CORTE;VALIDO
57;07/08/2026;13:15;KHPT12;20,0;1;CORTE;VALIDO
58;07/08/2026;13:57;DFLK77;14,0;2;CORTE;VALIDO
59;07/08/2026;14:36;KHPT12;20,0;1;CORTE;VALIDO
60;07/08/2026;15:04;KHPT12;20,0;2;CORTE;VALIDO
61;07/08/2026;15:44;LZRJ70;24,0;1;CORTE;VALIDO
62;07/08/2026;16:23;GXVL25;22,0;2;CORTE;VALIDO
63;10/08/2026;08:04;TRSL61;25,0;4;DESCARPE;VALIDO
64;10/08/2026;08:50;TRSL61;25,0;3;DESCARPE;VALIDO
65;10/08/2026;09:27;DFLK77;14,0;3;DESCARPE;VALIDO
66;10/08/2026;10:08;DZGW60;22,0;3;DESCARPE;VALIDO
66;10/08/2026;10:10;DZGW60;-22,0;3;DESCARPE;ANULACION
67;10/08/2026;10:42;GXVL25;22,0;3;DESCARPE;VALIDO
68;10/08/2026;11:15;TRSL61;25,0;;DESCARPE;VALIDO
69;10/08/2026;11:59;DFLK77;14,0;;DESCARPE;VALIDO
70;10/08/2026;12:35;GXVL25;22,0;;DESCARPE;VALIDO
71;10/08/2026;13:17;TRSL61;25,0;3;DESCARPE;VALIDO
72;11/08/2026;08:11;TRSL61;25,0;3;CORTE;VALIDO
73;11/08/2026;08:44;GXVL25;22,0;4;CORTE;VALIDO
74;11/08/2026;09:30;KHPT12;20,0;4;CORTE;VALIDO
75;11/08/2026;10:04;LZRJ70;24,0;3;CORTE;VALIDO
76;11/08/2026;10:38;BWRS48;14,0;4;CORTE;VALIDO
77;11/08/2026;11:16;BWRS48;14,0;;CORTE;VALIDO
78;11/08/2026;12:04;TRSL61;25,0;;CORTE;VALIDO
79;11/08/2026;12:39;DFLK77;14,0;3;CORTE;VALIDO
80;11/08/2026;13:13;DZGW60;22,0;4;CORTE;VALIDO
81;12/08/2026;08:10;LZRJ70;24,0;;CORTE;VALIDO
82;12/08/2026;08:49;DZGW60;22,0;;CORTE;VALIDO
83;12/08/2026;09:25;DFLK77;14,0;3;CORTE;VALIDO
84;12/08/2026;10:03;GXVL25;22,0;;CORTE;VALIDO
85;12/08/2026;10:34;DFLK77;14,0;4;CORTE;VALIDO
86;12/08/2026;11:16;LZRJ70;24,0;4;CORTE;VALIDO
87;12/08/2026;11:55;DFLK77;14,0;4;CORTE;VALIDO
88;12/08/2026;12:43;GXVL25;22,0;3;CORTE;VALIDO
89;12/08/2026;13:08;LZRJ70;24,0;;CORTE;VALIDO
90;12/08/2026;13:58;KHPT12;20,0;3;CORTE;VALIDO
91;13/08/2026;08:00;KHPT12;20,0;3;CORTE;VALIDO
91;13/08/2026;08:02;KHPT12;-20,0;3;CORTE;ANULACION
92;13/08/2026;08:40;BWRS48;14,0;3;CORTE;VALIDO
93;13/08/2026;09:32;KHPT12;20,0;4;CORTE;VALIDO
94;13/08/2026;10:01;DZGW60;22,0;3;CORTE;VALIDO
95;13/08/2026;10:46;DFLK77;14,0;3;CORTE;VALIDO
96;13/08/2026;11:13;BWRS48;14,0;;CORTE;VALIDO
97;13/08/2026;12:00;TRSL61;25,0;;CORTE;VALIDO
98;13/08/2026;12:33;TRSL61;25,0;3;CORTE;VALIDO
99;14/08/2026;08:14;TRSL61;25,0;4;CORTE;VALIDO
100;14/08/2026;08:44;LZRJ70;24,0;4;CORTE;VALIDO
101;14/08/2026;09:26;GXVL25;22,0;;CORTE;VALIDO
102;14/08/2026;10:03;DFLK77;14,0;4;CORTE;VALIDO
103;14/08/2026;10:36;DZGW60;22,0;;CORTE;VALIDO
104;14/08/2026;11:16;TRSL61;25,0;4;CORTE;VALIDO
105;14/08/2026;12:06;DZGW60;22,0;4;CORTE;VALIDO
106;14/08/2026;12:44;DFLK77;14,0;4;CORTE;VALIDO
107;14/08/2026;13:20;TRSL61;25,0;;CORTE;VALIDO
108;14/08/2026;13:57;TRSL61;25,0;;CORTE;VALIDO
109;14/08/2026;14:25;KHPT12;20,0;4;CORTE;VALIDO
110;14/08/2026;15:06;DFLK77;14,0;4;CORTE;VALIDO
111;17/08/2026;08:08;GXVL25;22,0;;DESCARPE;VALIDO
112;17/08/2026;08:42;KHPT12;20,0;5;DESCARPE;VALIDO
113;17/08/2026;09:23;TRSL61;25,0;6;DESCARPE;VALIDO
114;17/08/2026;10:07;GXVL25;22,0;5;DESCARPE;VALIDO
115;17/08/2026;10:47;KHPT12;20,0;6;DESCARPE;VALIDO
116;17/08/2026;11:21;BWRS48;14,0;;DESCARPE;VALIDO
117;17/08/2026;11:56;DZGW60;22,0;6;DESCARPE;VALIDO
118;17/08/2026;12:38;TRSL61;25,0;6;DESCARPE;VALIDO
119;17/08/2026;13:20;LZRJ70;24,0;5;DESCARPE;VALIDO
120;17/08/2026;14:02;DZGW60;22,0;5;DESCARPE;VALIDO
121;17/08/2026;14:39;BWRS48;14,0;;DESCARPE;VALIDO
122;17/08/2026;15:09;GXVL25;22,0;6;DESCARPE;VALIDO
123;17/08/2026;15:50;TRSL61;25,0;5;DESCARPE;VALIDO
124;17/08/2026;16:33;DFLK77;14,0;6;DESCARPE;VALIDO
125;18/08/2026;08:01;TRSL61;25,0;6;CORTE;VALIDO
126;18/08/2026;08:44;DZGW60;22,0;5;CORTE;VALIDO
127;18/08/2026;09:31;DFLK77;14,0;6;CORTE;VALIDO
128;18/08/2026;09:55;BWRS48;14,0;;CORTE;VALIDO
129;18/08/2026;10:49;BWRS48;14,0;;CORTE;VALIDO
130;18/08/2026;11:26;BWRS48;14,0;6;CORTE;VALIDO
131;18/08/2026;11:55;DZGW60;22,0;5;CORTE;VALIDO
132;18/08/2026;12:44;KHPT12;20,0;5;CORTE;VALIDO
133;18/08/2026;13:12;BWRS48;14,0;5;CORTE;VALIDO
134;18/08/2026;13:56;KHPT12;20,0;5;CORTE;VALIDO
135;19/08/2026;08:03;KHPT12;20,0;;CORTE;VALIDO
136;19/08/2026;08:44;LZRJ70;24,0;6;CORTE;VALIDO
137;19/08/2026;09:17;GXVL25;22,0;6;CORTE;VALIDO
138;19/08/2026;10:02;TRSL61;25,0;6;CORTE;VALIDO
139;19/08/2026;10:47;GXVL25;22,0;;CORTE;VALIDO
140;19/08/2026;11:25;KHPT12;20,0;5;CORTE;VALIDO
141;19/08/2026;11:58;TRSL61;25,0;;CORTE;VALIDO
142;19/08/2026;12:41;DFLK77;14,0;6;CORTE;VALIDO
143;19/08/2026;13:10;KHPT12;20,0;5;CORTE;VALIDO
144;19/08/2026;13:53;BWRS48;14,0;5;CORTE;VALIDO
145;19/08/2026;14:28;TRSL61;25,0;6;CORTE;VALIDO
146;20/08/2026;08:01;DFLK77;14,0;5;CORTE;VALIDO
147;20/08/2026;08:42;GXVL25;22,0;;CORTE;VALIDO
148;20/08/2026;09:31;DFLK77;14,0;6;CORTE;VALIDO
149;20/08/2026;10:05;DZGW60;22,0;5;CORTE;VALIDO
150;20/08/2026;10:48;KHPT12;20,0;5;CORTE;VALIDO
151;20/08/2026;11:23;BWRS48;14,0;6;CORTE;VALIDO
152;20/08/2026;11:59;GXVL25;22,0;5;CORTE;VALIDO
153;20/08/2026;12:36;GXVL25;22,0;6;CORTE;VALIDO
154;20/08/2026;13:21;BWRS48;14,0;;CORTE;VALIDO
155;20/08/2026;14:01;TRSL61;25,0;5;CORTE;VALIDO
156;20/08/2026;14:25;DFLK77;14,0;6;CORTE;VALIDO
157;21/08/2026;08:12;GXVL25;22,0;5;CORTE;VALIDO
158;21/08/2026;08:46;GXVL25;22,0;5;CORTE;VALIDO
159;21/08/2026;09:28;TRSL61;25,0;6;CORTE;VALIDO
160;21/08/2026;10:03;GXVL25;22,0;6;CORTE;VALIDO
161;21/08/2026;10:36;KHPT12;20,0;5;CORTE;VALIDO
162;21/08/2026;11:26;KHPT12;20,0;6;CORTE;VALIDO
163;21/08/2026;12:06;BWRS48;14,0;5;CORTE;VALIDO
164;21/08/2026;12:39;BWRS48;14,0;5;CORTE;VALIDO
165;21/08/2026;13:22;TRSL61;25,0;6;CORTE;VALIDO
166;21/08/2026;13:53;LZRJ70;24,0;6;CORTE;VALIDO
167;21/08/2026;14:26;GXVL25;22,0;6;CORTE;VALIDO
168;24/08/2026;08:02;GXVL25;22,0;8;DESCARPE;VALIDO
169;24/08/2026;08:53;DFLK77;14,0;8;DESCARPE;VALIDO
170;24/08/2026;09:24;DFLK77;14,0;7;DESCARPE;VALIDO
171;24/08/2026;10:03;TRSL61;25,0;8;DESCARPE;VALIDO
172;24/08/2026;10:41;DFLK77;14,0;7;DESCARPE;VALIDO
173;24/08/2026;11:18;LZRJ70;24,0;;DESCARPE;VALIDO
174;24/08/2026;11:58;DZGW60;22,0;7;DESCARPE;VALIDO
175;24/08/2026;12:30;GXVL25;22,0;8;DESCARPE;VALIDO
176;24/08/2026;13:19;DFLK77;14,0;7;DESCARPE;VALIDO
177;24/08/2026;13:53;GXVL25;22,0;7;DESCARPE;VALIDO
178;24/08/2026;14:30;BWRS48;14,0;8;DESCARPE;VALIDO
179;25/08/2026;08:03;GXVL25;22,0;8;CORTE;VALIDO
180;25/08/2026;08:39;DZGW60;22,0;7;CORTE;VALIDO
181;25/08/2026;09:23;KHPT12;20,0;7;CORTE;VALIDO
182;25/08/2026;10:00;TRSL61;25,0;;CORTE;VALIDO
183;25/08/2026;10:49;DFLK77;14,0;7;CORTE;VALIDO
184;25/08/2026;11:16;KHPT12;20,0;7;CORTE;VALIDO
185;25/08/2026;12:04;TRSL61;25,0;8;CORTE;VALIDO
186;25/08/2026;12:39;GXVL25;22,0;8;CORTE;VALIDO
186;25/08/2026;12:41;GXVL25;-22,0;8;CORTE;ANULACION
187;25/08/2026;13:19;BWRS48;14,0;7;CORTE;VALIDO
188;25/08/2026;14:00;GXVL25;22,0;7;CORTE;VALIDO
189;25/08/2026;14:36;DFLK77;14,0;8;CORTE;VALIDO
190;25/08/2026;15:08;GXVL25;22,0;;CORTE;VALIDO
191;25/08/2026;15:47;TRSL61;25,0;7;CORTE;VALIDO
192;26/08/2026;08:03;GXVL25;22,0;8;CORTE;VALIDO
193;26/08/2026;08:44;BWRS48;14,0;;CORTE;VALIDO
194;26/08/2026;09:27;DFLK77;14,0;7;CORTE;VALIDO
195;26/08/2026;10:00;GXVL25;22,0;7;CORTE;VALIDO
196;26/08/2026;10:49;DZGW60;22,0;7;CORTE;VALIDO
197;26/08/2026;11:17;LZRJ70;24,0;8;CORTE;VALIDO
198;26/08/2026;11:57;KHPT12;20,0;7;CORTE;VALIDO
199;26/08/2026;12:31;KHPT12;20,0;;CORTE;VALIDO
200;26/08/2026;13:17;LZRJ70;24,0;8;CORTE;VALIDO
201;27/08/2026;08:11;KHPT12;20,0;8;CORTE;VALIDO
202;27/08/2026;08:53;GXVL25;22,0;8;CORTE;VALIDO
203;27/08/2026;09:31;BWRS48;14,0;7;CORTE;VALIDO
204;27/08/2026;09:59;GXVL25;22,0;8;CORTE;VALIDO
205;27/08/2026;10:35;DFLK77;14,0;7;CORTE;VALIDO
206;27/08/2026;11:22;KHPT12;20,0;;CORTE;VALIDO
207;27/08/2026;11:55;DFLK77;14,0;7;CORTE;VALIDO
208;27/08/2026;12:33;KHPT12;20,0;;CORTE;VALIDO
209;27/08/2026;13:13;TRSL61;25,0;;CORTE;VALIDO
210;27/08/2026;13:55;BWRS48;14,0;7;CORTE;VALIDO
211;27/08/2026;14:39;BWRS48;14,0;7;CORTE;VALIDO
212;28/08/2026;08:08;DZGW60;22,0;7;CORTE;VALIDO
213;28/08/2026;08:50;DZGW60;22,0;7;CORTE;VALIDO
214;28/08/2026;09:29;TRSL61;25,0;7;CORTE;VALIDO
215;28/08/2026;09:56;BWRS48;14,0;8;CORTE;VALIDO
216;28/08/2026;10:37;LZRJ70;24,0;8;CORTE;VALIDO
217;28/08/2026;11:23;DFLK77;14,0;8;CORTE;VALIDO
218;28/08/2026;12:02;DZGW60;22,0;8;CORTE;VALIDO
219;28/08/2026;12:31;DZGW60;22,0;8;CORTE;VALIDO
220;28/08/2026;13:18;KHPT12;20,0;7;CORTE;VALIDO
221;28/08/2026;14:00;TRSL61;25,0;8;CORTE;VALIDO
222;28/08/2026;14:40;DZGW60;22,0;7;CORTE;VALIDO
223;31/08/2026;08:11;GXVL25;22,0;;DESCARPE;VALIDO
224;31/08/2026;08:51;DZGW60;22,0;10;DESCARPE;VALIDO
225;31/08/2026;09:32;LZRJ70;24,0;;DESCARPE;VALIDO
226;31/08/2026;09:59;DZGW60;22,0;;DESCARPE;VALIDO
227;31/08/2026;10:42;BWRS48;14,0;10;DESCARPE;VALIDO
228;31/08/2026;11:23;GXVL25;22,0;10;DESCARPE;VALIDO
229;31/08/2026;11:58;DFLK77;14,0;9;DESCARPE;VALIDO
230;31/08/2026;12:30;LZRJ70;24,0;10;DESCARPE;VALIDO
231;01/09/2026;08:00;GXVL25;22,0;;CORTE;VALIDO
232;01/09/2026;08:51;LZRJ70;24,0;9;CORTE;VALIDO
233;01/09/2026;09:18;KHPT12;20,0;10;CORTE;VALIDO
233;01/09/2026;09:20;KHPT12;-20,0;10;CORTE;ANULACION
234;01/09/2026;10:08;BWRS48;14,0;;CORTE;VALIDO
235;01/09/2026;10:41;DZGW60;22,0;9;CORTE;VALIDO
236;01/09/2026;11:22;GXVL25;22,0;10;CORTE;VALIDO
237;01/09/2026;12:04;LZRJ70;24,0;10;CORTE;VALIDO
238;01/09/2026;12:32;DZGW60;22,0;9;CORTE;VALIDO
239;01/09/2026;13:14;BWRS48;14,0;9;CORTE;VALIDO
240;01/09/2026;13:57;DFLK77;14,0;9;CORTE;VALIDO
241;01/09/2026;14:40;KHPT12;20,0;10;CORTE;VALIDO
242;01/09/2026;15:04;BWRS48;14,0;10;CORTE;VALIDO
243;01/09/2026;15:48;TRSL61;25,0;10;CORTE;VALIDO
244;01/09/2026;16:25;DZGW60;22,0;;CORTE;VALIDO
245;02/09/2026;08:04;TRSL61;25,0;;CORTE;VALIDO
246;02/09/2026;08:39;KHPT12;20,0;9;CORTE;VALIDO
247;02/09/2026;09:28;LZRJ70;24,0;9;CORTE;VALIDO
248;02/09/2026;09:57;KHPT12;20,0;;CORTE;VALIDO
249;02/09/2026;10:35;GXVL25;22,0;9;CORTE;VALIDO
250;02/09/2026;11:14;BWRS48;14,0;10;CORTE;VALIDO
251;02/09/2026;11:57;BWRS48;14,0;10;CORTE;VALIDO
252;02/09/2026;12:41;GXVL25;22,0;10;CORTE;VALIDO
253;02/09/2026;13:19;BWRS48;14,0;10;CORTE;VALIDO
254;03/09/2026;08:09;BWRS48;14,0;9;CORTE;VALIDO
255;03/09/2026;08:41;LZRJ70;24,0;10;CORTE;VALIDO
256;03/09/2026;09:23;LZRJ70;24,0;9;CORTE;VALIDO
257;03/09/2026;09:55;DFLK77;14,0;9;CORTE;VALIDO
258;03/09/2026;10:34;GXVL25;22,0;10;CORTE;VALIDO
259;03/09/2026;11:17;BWRS48;14,0;10;CORTE;VALIDO
260;03/09/2026;11:59;LZRJ70;24,0;9;CORTE;VALIDO
261;03/09/2026;12:37;KHPT12;20,0;10;CORTE;VALIDO
262;03/09/2026;13:10;BWRS48;14,0;10;CORTE;VALIDO
263;03/09/2026;13:50;BWRS48;14,0;10;CORTE;VALIDO
264;03/09/2026;14:27;DFLK77;14,0;10;CORTE;VALIDO
265;04/09/2026;08:08;TRSL61;25,0;10;CORTE;VALIDO
266;04/09/2026;08:45;DFLK77;14,0;;CORTE;VALIDO
267;04/09/2026;09:18;KHPT12;20,0;10;CORTE;VALIDO
268;04/09/2026;10:09;BWRS48;14,0;10;CORTE;VALIDO
269;04/09/2026;10:42;BWRS48;14,0;;CORTE;VALIDO
270;04/09/2026;11:19;KHPT12;20,0;9;CORTE;VALIDO
271;04/09/2026;11:55;BWRS48;14,0;9;CORTE;VALIDO
272;04/09/2026;12:41;LZRJ70;24,0;9;CORTE;VALIDO
273;04/09/2026;13:11;TRSL61;25,0;9;CORTE;VALIDO
274;07/09/2026;08:04;DZGW60;22,0;12;DESCARPE;VALIDO
275;07/09/2026;08:41;DZGW60;22,0;11;DESCARPE;VALIDO
276;07/09/2026;09:18;DFLK77;14,0;11;DESCARPE;VALIDO
277;07/09/2026;10:02;KHPT12;20,0;12;DESCARPE;VALIDO
278;07/09/2026;10:46;LZRJ70;24,0;11;DESCARPE;VALIDO
279;07/09/2026;11:25;DFLK77;14,0;11;DESCARPE;VALIDO
280;07/09/2026;11:58;BWRS48;14,0;11;DESCARPE;VALIDO
281;07/09/2026;12:38;TRSL61;25,0;11;DESCARPE;VALIDO
282;07/09/2026;13:13;DFLK77;14,0;12;DESCARPE;VALIDO
283;07/09/2026;14:00;GXVL25;22,0;11;DESCARPE;VALIDO
284;07/09/2026;14:37;GXVL25;22,0;12;DESCARPE;VALIDO
285;08/09/2026;08:06;LZRJ70;24,0;11;CORTE;VALIDO
286;08/09/2026;08:49;DZGW60;22,0;11;CORTE;VALIDO
287;08/09/2026;09:32;DZGW60;22,0;11;CORTE;VALIDO
288;08/09/2026;10:05;LZRJ70;24,0;12;CORTE;VALIDO
289;08/09/2026;10:39;KHPT12;20,0;12;CORTE;VALIDO
290;08/09/2026;11:23;KHPT12;20,0;11;CORTE;VALIDO
291;08/09/2026;11:51;GXVL25;22,0;11;CORTE;VALIDO
292;08/09/2026;12:41;KHPT12;20,0;;CORTE;VALIDO
293;08/09/2026;13:15;DFLK77;14,0;12;CORTE;VALIDO
294;08/09/2026;13:49;BWRS48;14,0;11;CORTE;VALIDO
295;09/09/2026;08:04;BWRS48;14,0;12;CORTE;VALIDO
296;09/09/2026;08:51;BWRS48;14,0;12;CORTE;VALIDO
297;09/09/2026;09:21;KHPT12;20,0;12;CORTE;VALIDO
298;09/09/2026;10:07;TRSL61;25,0;12;CORTE;VALIDO
299;09/09/2026;10:34;DFLK77;14,0;12;CORTE;VALIDO
300;09/09/2026;11:27;TRSL61;25,0;12;CORTE;VALIDO
301;09/09/2026;12:02;KHPT12;20,0;11;CORTE;VALIDO
302;09/09/2026;12:32;GXVL25;22,0;12;CORTE;VALIDO
303;09/09/2026;13:19;BWRS48;14,0;11;CORTE;VALIDO
304;10/09/2026;08:09;KHPT12;20,0;12;CORTE;VALIDO
305;10/09/2026;08:45;BWRS48;14,0;11;CORTE;VALIDO
306;10/09/2026;09:23;DZGW60;22,0;12;CORTE;VALIDO
307;10/09/2026;09:57;KHPT12;20,0;12;CORTE;VALIDO
308;10/09/2026;10:36;LZRJ70;24,0;12;CORTE;VALIDO
309;10/09/2026;11:20;GXVL25;22,0;12;CORTE;VALIDO
310;10/09/2026;11:52;DFLK77;14,0;12;CORTE;VALIDO
311;10/09/2026;12:37;DFLK77;14,0;12;CORTE;VALIDO
312;11/09/2026;08:05;GXVL25;22,0;12;CORTE;VALIDO
313;11/09/2026;08:47;KHPT12;20,0;12;CORTE;VALIDO
314;11/09/2026;09:19;KHPT12;20,0;11;CORTE;VALIDO
315;11/09/2026;09:55;GXVL25;22,0;11;CORTE;VALIDO
316;11/09/2026;10:37;TRSL61;25,0;12;CORTE;VALIDO
317;11/09/2026;11:18;GXVL25;22,0;12;CORTE;VALIDO
318;11/09/2026;12:02;BWRS48;14,0;12;CORTE;VALIDO
319;11/09/2026;12:36;BWRS48;14,0;12;CORTE;VALIDO
320;11/09/2026;13:09;LZRJ70;24,0;12;CORTE;VALIDO
321;11/09/2026;13:57;DFLK77;14,0;12;CORTE;VALIDO
322;11/09/2026;14:40;DZGW60;22,0;11;CORTE;VALIDO
323;11/09/2026;15:08;TRSL61;25,0;11;CORTE;VALIDO
324;11/09/2026;15:54;KHPT12;20,0;11;CORTE;VALIDO
325;21/09/2026;08:15;DZGW60;22,0;13;DESCARPE;VALIDO
326;21/09/2026;08:50;LZRJ70;24,0;13;DESCARPE;VALIDO
327;21/09/2026;09:19;LZRJ70;24,0;;DESCARPE;VALIDO
328;21/09/2026;10:00;KHPT12;20,0;13;DESCARPE;VALIDO
329;21/09/2026;10:37;DFLK77;14,0;13;DESCARPE;VALIDO
330;21/09/2026;11:21;BWRS48;14,0;14;DESCARPE;VALIDO
331;21/09/2026;12:01;GXVL25;22,0;13;DESCARPE;VALIDO
332;21/09/2026;12:45;GXVL25;22,0;13;DESCARPE;VALIDO
333;22/09/2026;08:12;LZRJ70;24,0;;CORTE;VALIDO
334;22/09/2026;08:42;LZRJ70;24,0;14;CORTE;VALIDO
335;22/09/2026;09:32;GXVL25;22,0;13;CORTE;VALIDO
336;22/09/2026;09:55;DFLK77;14,0;13;CORTE;VALIDO
337;22/09/2026;10:36;BWRS48;14,0;13;CORTE;VALIDO
338;22/09/2026;11:20;GXVL25;22,0;13;CORTE;VALIDO
339;22/09/2026;12:02;GXVL25;22,0;13;CORTE;VALIDO
340;22/09/2026;12:45;KHPT12;20,0;14;CORTE;VALIDO
341;22/09/2026;13:09;GXVL25;22,0;;CORTE;VALIDO
342;22/09/2026;13:49;KHPT12;20,0;14;CORTE;VALIDO
343;22/09/2026;14:40;DZGW60;22,0;13;CORTE;VALIDO
344;23/09/2026;08:15;DFLK77;14,0;;CORTE;VALIDO
345;23/09/2026;08:43;TRSL61;25,0;14;CORTE;VALIDO
346;23/09/2026;09:25;DFLK77;14,0;14;CORTE;VALIDO
347;23/09/2026;10:05;KHPT12;20,0;13;CORTE;VALIDO
348;23/09/2026;10:47;TRSL61;25,0;13;CORTE;VALIDO
349;23/09/2026;11:19;LZRJ70;24,0;14;CORTE;VALIDO
349;23/09/2026;11:21;LZRJ70;-24,0;14;CORTE;ANULACION
350;23/09/2026;11:59;TRSL61;25,0;14;CORTE;VALIDO
351;23/09/2026;12:31;BWRS48;14,0;14;CORTE;VALIDO
352;23/09/2026;13:12;BWRS48;14,0;14;CORTE;VALIDO
353;23/09/2026;14:02;LZRJ70;24,0;14;CORTE;VALIDO
354;23/09/2026;14:37;DFLK77;14,0;13;CORTE;VALIDO
355;23/09/2026;15:13;DZGW60;22,0;13;CORTE;VALIDO
356;23/09/2026;15:50;DZGW60;22,0;13;CORTE;VALIDO
357;24/09/2026;08:11;LZRJ70;24,0;13;CORTE;VALIDO
358;24/09/2026;08:48;TRSL61;25,0;14;CORTE;VALIDO
359;24/09/2026;09:23;DZGW60;22,0;13;CORTE;VALIDO
360;24/09/2026;10:06;TRSL61;25,0;14;CORTE;VALIDO
361;24/09/2026;10:35;DZGW60;22,0;14;CORTE;VALIDO
362;24/09/2026;11:26;KHPT12;20,0;13;CORTE;VALIDO
363;24/09/2026;11:59;TRSL61;25,0;;CORTE;VALIDO
364;24/09/2026;12:45;BWRS48;14,0;13;CORTE;VALIDO
365;25/09/2026;08:14;GXVL25;22,0;13;CORTE;VALIDO
366;25/09/2026;08:43;DZGW60;22,0;;CORTE;VALIDO
367;25/09/2026;09:28;LZRJ70;24,0;14;CORTE;VALIDO
368;25/09/2026;10:07;GXVL25;22,0;13;CORTE;VALIDO
369;25/09/2026;10:41;TRSL61;25,0;13;CORTE;VALIDO
370;25/09/2026;11:17;DFLK77;14,0;14;CORTE;VALIDO
371;25/09/2026;11:58;DZGW60;22,0;;CORTE;VALIDO
372;25/09/2026;12:31;TRSL61;25,0;13;CORTE;VALIDO
373;25/09/2026;13:23;BWRS48;14,0;;CORTE;VALIDO
374;25/09/2026;13:53;GXVL25;22,0;14;CORTE;VALIDO
375;25/09/2026;14:28;KHPT12;20,0;14;CORTE;VALIDO
376;28/09/2026;08:15;TRSL61;25,0;16;DESCARPE;VALIDO
377;28/09/2026;08:38;DZGW60;22,0;16;DESCARPE;VALIDO
378;28/09/2026;09:22;GXVL25;22,0;;DESCARPE;VALIDO
379;28/09/2026;09:59;TRSL61;25,0;16;DESCARPE;VALIDO
380;28/09/2026;10:34;DFLK77;14,0;15;DESCARPE;VALIDO
381;28/09/2026;11:19;BWRS48;14,0;;DESCARPE;VALIDO
382;28/09/2026;11:58;TRSL61;25,0;15;DESCARPE;VALIDO
383;28/09/2026;12:44;DZGW60;22,0;15;DESCARPE;VALIDO
384;29/09/2026;08:08;GXVL25;22,0;16;CORTE;VALIDO
385;29/09/2026;08:41;DFLK77;14,0;16;CORTE;VALIDO
386;29/09/2026;09:18;DZGW60;22,0;15;CORTE;VALIDO
387;29/09/2026;10:03;GXVL25;22,0;15;CORTE;VALIDO
388;29/09/2026;10:41;TRSL61;25,0;;CORTE;VALIDO
389;29/09/2026;11:13;DZGW60;22,0;;CORTE;VALIDO
390;29/09/2026;12:01;DFLK77;14,0;15;CORTE;VALIDO
391;29/09/2026;12:39;LZRJ70;24,0;15;CORTE;VALIDO
392;29/09/2026;13:14;DFLK77;14,0;16;CORTE;VALIDO
393;30/09/2026;08:07;LZRJ70;24,0;15;CORTE;VALIDO
394;30/09/2026;08:53;GXVL25;22,0;16;CORTE;VALIDO
395;30/09/2026;09:23;KHPT12;20,0;16;CORTE;VALIDO
396;30/09/2026;10:08;KHPT12;20,0;15;CORTE;VALIDO
397;30/09/2026;10:49;TRSL61;25,0;;CORTE;VALIDO
398;30/09/2026;11:16;DFLK77;14,0;16;CORTE;VALIDO
399;30/09/2026;11:52;TRSL61;25,0;15;CORTE;VALIDO
400;30/09/2026;12:30;BWRS48;14,0;16;CORTE;VALIDO
401;30/09/2026;13:10;LZRJ70;24,0;15;CORTE;VALIDO
