fecha;hora;tarjeta;sitio;actividad
11-09-2026;08:17;100235;26;
11-09-2026;08:16;100232;;
11-09-2026;08:33;100231;17;
11-09-2026;08:59;100234;17;
11-09-2026;09:11;100235;29;
11-09-2026;09:33;100231;;
11-09-2026;09:53;100235;13;
11-09-2026;10:01;100235;23;
11-09-2026;10:20;100234;;
11-09-2026;10:42;100232;;
11-09-2026;11:02;100234;21;
11-09-2026;11:07;100231;15;
11-09-2026;11:39;100234;;
11-09-2026;11:56;100235;30;
11-09-2026;12:04;100234;;
11-09-2026;12:30;100234;17;
11-09-2026;12:47;100233;19;
11-09-2026;13:00;100234;26;
11-09-2026;13:06;100233;30;
11-09-2026;13:32;100235;29;
11-09-2026;13:49;100231;;
11-09-2026;14:05;100233;30;
11-09-2026;14:14;100233;15;
11-09-2026;14:38;100234;22;
11-09-2026;14:52;100234;13;
11-09-2026;15:11;100232;;
11-09-2026;15:23;100234;;
11-09-2026;15:43;100234;;
11-09-2026;16:08;100234;29;
11-09-2026;16:28;100234;;
11-09-2026;16:38;100234;29;
11-09-2026;16:45;100231;;
12-09-2026;08:00;100231;30;
12-09-2026;08:30;100231;;
12-09-2026;09:00;100234;30;
12-09-2026;09:38;100233;20;
12-09-2026;09:54;100233;;
12-09-2026;10:41;100235;;
12-09-2026;11:00;100235;;
12-09-2026;11:30;100232;;
12-09-2026;11:52;100231;23;
12-09-2026;12:34;100233;;
12-09-2026;12:50;100233;;
12-09-2026;13:20;100231;;
12-09-2026;13:59;100232;26;
12-09-2026;14:26;100233;27;
12-09-2026;14:48;100234;20;
12-09-2026;15:15;100233;25;
12-09-2026;15:46;100234;28;
12-09-2026;16:22;100235;21;
12-09-2026;16:50;100235;14;
14-09-2026;08:14;100235;30;
14-09-2026;08:27;100234;;
14-09-2026;08:48;100234;27;
14-09-2026;09:24;100234;20;
14-09-2026;09:44;100235;17;
14-09-2026;10:05;100234;16;
14-09-2026;10:24;100233;27;
14-09-2026;10:57;100232;15;
14-09-2026;11:25;100232;;
14-09-2026;11:38;100231;;
14-09-2026;12:11;100234;;
14-09-2026;12:36;100232;16;
14-09-2026;12:53;100231;;
14-09-2026;13:16;100235;15;
14-09-2026;13:42;100232;22;
14-09-2026;14:07;100233;26;
14-09-2026;14:17;100233;;
14-09-2026;14:43;100234;17;
14-09-2026;15:14;100232;27;
14-09-2026;15:44;100232;;
14-09-2026;15:57;100234;24;
14-09-2026;16:15;100235;22;
14-09-2026;16:44;100235;27;
15-09-2026;08:17;100235;;
15-09-2026;08:21;100234;;
15-09-2026;08:56;100235;;
15-09-2026;09:00;100231;28;
15-09-2026;09:19;100235;;
15-09-2026;09:42;100231;15;
15-09-2026;10:00;100232;;
15-09-2026;10:10;100231;;
15-09-2026;10:37;100234;26;
15-09-2026;11:01;100233;24;
15-09-2026;11:21;100235;25;
15-09-2026;11:40;100234;;
15-09-2026;11:57;100231;20;
15-09-2026;12:09;100233;15;
15-09-2026;12:21;100231;19;
15-09-2026;12:51;100232;;
15-09-2026;12:57;100231;28;
15-09-2026;13:31;100231;20;
15-09-2026;13:50;100235;;
15-09-2026;13:57;100235;20;
15-09-2026;14:15;100231;26;
15-09-2026;14:48;100232;18;
15-09-2026;14:54;100233;28;
15-09-2026;15:21;100235;28;
15-09-2026;15:42;100235;30;
15-09-2026;15:50;100234;18;
15-09-2026;16:07;100235;24;
15-09-2026;16:31;100235;27;
15-09-2026;16:45;100231;;
16-09-2026;08:16;100233;28;
16-09-2026;08:46;100235;;
16-09-2026;09:09;100233;22;
16-09-2026;09:40;100234;21;
16-09-2026;10:14;100232;18;
16-09-2026;10:42;100232;29;
16-09-2026;11:06;100233;23;
16-09-2026;11:41;100234;;
16-09-2026;12:02;100232;24;
16-09-2026;12:42;100235;19;
16-09-2026;13:02;100232;;
16-09-2026;13:39;100231;14;
16-09-2026;14:08;100234;14;
16-09-2026;14:35;100235;15;
16-09-2026;15:08;100232;;
16-09-2026;15:41;100234;27;
16-09-2026;16:17;100233;15;
16-09-2026;16:44;100234;23;
17-09-2026;08:19;100232;;
17-09-2026;08:22;100231;29;
17-09-2026;08:42;100234;;
17-09-2026;09:04;100233;;
17-09-2026;09:18;100235;30;
17-09-2026;09:21;100232;22;
17-09-2026;09:51;100234;13;
17-09-2026;10:13;100234;25;
17-09-2026;10:14;100233;23;
17-09-2026;10:27;100233;24;
17-09-2026;10:49;100235;29;
17-09-2026;11:12;100233;;
17-09-2026;11:24;100232;13;
17-09-2026;11:47;100233;14;
17-09-2026;12:01;100232;18;
17-09-2026;12:06;100232;20;
17-09-2026;12:31;100234;20;
17-09-2026;12:55;100234;21;
17-09-2026;13:13;100235;20;
17-09-2026;13:11;100234;13;
17-09-2026;13:29;100235;;
17-09-2026;13:47;100234;15;
17-09-2026;14:06;100234;26;
17-09-2026;14:32;100231;26;
17-09-2026;14:33;100235;;
17-09-2026;15:08;100231;17;
17-09-2026;15:21;100233;27;
17-09-2026;15:23;100231;26;
17-09-2026;15:43;100231;26;
17-09-2026;16:06;100234;;
17-09-2026;16:29;100235;25;
17-09-2026;16:44;100231;;
17-09-2026;16:56;100232;21;
18-09-2026;08:11;100233;14;
18-09-2026;08:19;100231;19;
18-09-2026;08:42;100235;;
18-09-2026;08:59;100233;;
18-09-2026;09:21;100233;16;
18-09-2026;09:33;100231;15;
18-09-2026;09:38;100235;25;
18-09-2026;10:07;100235;28;
18-09-2026;10:23;100232;13;
18-09-2026;10:28;100231;;
18-09-2026;10:45;100233;;
18-09-2026;11:13;100232;;
18-09-2026;11:30;100232;25;
18-09-2026;11:35;100235;22;
18-09-2026;12:00;100233;22;
18-09-2026;12:22;100235;19;
18-09-2026;12:35;100235;17;
18-09-2026;12:56;100235;23;
18-09-2026;13:11;100234;;
18-09-2026;13:18;100233;26;
18-09-2026;13:39;100234;;
18-09-2026;13:58;100232;13;
18-09-2026;14:18;100233;;
18-09-2026;14:29;100235;28;
18-09-2026;14:50;100235;;
18-09-2026;14:56;100234;14;
18-09-2026;15:06;100233;19;
18-09-2026;15:28;100232;;
18-09-2026;15:46;100232;27;
18-09-2026;16:02;100231;24;
18-09-2026;16:12;100231;13;
18-09-2026;16:40;100232;;
18-09-2026;17:00;100235;15;
19-09-2026;08:05;100234;18;
19-09-2026;08:25;100232;;
19-09-2026;08:57;100232;13;
19-09-2026;09:08;100235;;
19-09-2026;09:43;100234;23;
19-09-2026;09:53;100235;;
19-09-2026;10:22;100231;16;
19-09-2026;10:40;100231;30;
19-09-2026;11:10;100231;15;
19-09-2026;11:35;100235;29;
19-09-2026;11:47;100234;21;
19-09-2026;12:09;100232;27;
19-09-2026;12:43;100234;28;
19-09-2026;12:52;100233;30;
19-09-2026;13:29;100234;20;
19-09-2026;13:44;100234;13;
19-09-2026;14:00;100233;21;
19-09-2026;14:25;100232;16;
19-09-2026;14:47;100233;;
19-09-2026;15:18;100234;28;
19-09-2026;15:44;100234;19;
19-09-2026;15:59;100235;13;
19-09-2026;16:16;100231;;
19-09-2026;16:50;100233;;
21-09-2026;08:13;100231;28;
21-09-2026;08:48;100235;22;
21-09-2026;09:01;100234;21;
21-09-2026;09:40;100233;24;
21-09-2026;10:14;100233;28;
21-09-2026;10:30;100231;30;
21-09-2026;11:00;100232;;
21-09-2026;11:38;100231;24;
21-09-2026;12:16;100233;;
21-09-2026;12:47;100235;19;
21-09-2026;13:12;100232;;
21-09-2026;13:43;100232;;
21-09-2026;14:18;100233;;
21-09-2026;14:34;100235;13;
21-09-2026;15:12;100235;24;
21-09-2026;15:40;100232;30;
21-09-2026;16:19;100235;13;
21-09-2026;16:40;100232;15;
22-09-2026;08:07;100232;28;
22-09-2026;08:22;100232;;
22-09-2026;08:40;100232;26;
22-09-2026;09:16;100234;;
22-09-2026;09:37;100234;;
22-09-2026;09:47;100233;24;
22-09-2026;10:00;100235;;
22-09-2026;10:36;100235;15;
22-09-2026;10:48;100233;24;
22-09-2026;11:01;100232;;
22-09-2026;11:38;100233;27;
22-09-2026;11:57;100235;18;
22-09-2026;12:15;100234;22;
22-09-2026;12:34;100234;16;
22-09-2026;12:54;100235;;
22-09-2026;13:02;100232;16;
22-09-2026;13:37;100232;26;
22-09-2026;13:53;100231;13;
22-09-2026;14:08;100234;;
22-09-2026;14:24;100231;30;
22-09-2026;14:52;100233;;
22-09-2026;15:04;100233;14;
22-09-2026;15:32;100232;30;
22-09-2026;15:44;100231;20;
22-09-2026;16:05;100235;;
22-09-2026;16:28;100235;29;
22-09-2026;16:54;100234;19;
23-09-2026;08:00;100234;13;
23-09-2026;08:23;100233;21;
23-09-2026;08:52;100231;26;
23-09-2026;09:01;100233;25;
23-09-2026;09:13;100235;29;
23-09-2026;09:38;100234;25;
23-09-2026;09:42;100235;20;
23-09-2026;10:01;100235;18;
23-09-2026;10:24;100233;;
23-09-2026;10:32;100234;14;
23-09-2026;10:51;100231;25;
23-09-2026;11:09;100235;;
23-09-2026;11:23;100232;28;
23-09-2026;11:57;100233;28;
23-09-2026;12:10;100231;30;
23-09-2026;12:30;100232;;
23-09-2026;12:38;100235;13;
23-09-2026;12:56;100232;28;
23-09-2026;13:13;100232;21;
23-09-2026;13:33;100235;21;
23-09-2026;13:43;100232;;
23-09-2026;14:01;100233;27;
23-09-2026;14:28;100233;;
23-09-2026;14:44;100232;23;
23-09-2026;14:58;100233;18;
23-09-2026;15:09;100231;26;
23-09-2026;15:34;100231;;
23-09-2026;15:43;100235;22;
23-09-2026;16:03;100233;;
23-09-2026;16:27;100233;25;
23-09-2026;16:26;100233;20;
23-09-2026;16:51;100235;16;
24-09-2026;08:15;100233;30;
24-09-2026;08:33;100232;24;
24-09-2026;09:12;100235;20;
24-09-2026;09:34;100232;;
24-09-2026;10:05;100234;27;
24-09-2026;10:41;100233;;
24-09-2026;11:03;100235;18;
24-09-2026;11:34;100233;23;
24-09-2026;12:02;100233;;
24-09-2026;12:22;100233;25;
24-09-2026;12:48;100235;27;
24-09-2026;13:25;100231;25;
24-09-2026;13:43;100231;23;
24-09-2026;14:11;100231;22;
24-09-2026;14:48;100231;13;
24-09-2026;15:11;100233;19;
24-09-2026;15:44;100233;16;
24-09-2026;16:12;100235;29;
24-09-2026;16:47;100234;;
25-09-2026;08:15;100231;16;
25-09-2026;08:26;100233;14;
25-09-2026;08:39;100235;27;
25-09-2026;09:00;100234;15;
25-09-2026;09:22;100233;17;
25-09-2026;09:37;100232;17;
25-09-2026;09:50;100234;18;
25-09-2026;10:13;100235;;
25-09-2026;10:29;100235;16;
25-09-2026;10:29;100232;25;
25-09-2026;10:43;100235;21;
25-09-2026;11:00;100231;23;
25-09-2026;11:23;100231;18;
25-09-2026;11:46;100233;;
25-09-2026;12:08;100231;25;
25-09-2026;12:12;100235;;
25-09-2026;12:21;100232;30;
25-09-2026;12:41;100235;23;
25-09-2026;12:58;100232;26;
25-09-2026;13:10;100233;17;
25-09-2026;13:45;100232;28;
25-09-2026;13:57;100231;26;
25-09-2026;14:06;100231;21;
25-09-2026;14:18;100235;13;
25-09-2026;14:44;100232;14;
25-09-2026;14:58;100235;21;
25-09-2026;15:20;100232;19;
25-09-2026;15:24;100233;;
25-09-2026;15:57;100232;15;
25-09-2026;16:05;100234;23;
25-09-2026;16:28;100231;17;
25-09-2026;16:45;100234;;
25-09-2026;16:59;100234;18;
26-09-2026;08:16;100235;29;
26-09-2026;08:26;100232;;
26-09-2026;08:37;100233;;
26-09-2026;09:10;100235;29;
26-09-2026;09:25;100232;27;
26-09-2026;09:32;100232;30;
26-09-2026;09:51;100235;20;
26-09-2026;10:18;100233;30;
26-09-2026;10:24;100232;;
26-09-2026;10:55;100232;25;
26-09-2026;11:01;100234;16;
26-09-2026;11:34;100231;15;
26-09-2026;11:40;100231;;
26-09-2026;12:07;100232;24;
26-09-2026;12:17;100232;;
26-09-2026;12:31;100234;;
26-09-2026;12:59;100231;16;
26-09-2026;13:14;100234;;
26-09-2026;13:27;100231;22;
26-09-2026;13:56;100235;16;
26-09-2026;14:04;100232;;
26-09-2026;14:34;100232;;
26-09-2026;14:50;100233;14;
26-09-2026;15:00;100235;18;
26-09-2026;15:23;100232;27;
26-09-2026;15:30;100234;;
26-09-2026;15:52;100231;26;
26-09-2026;16:23;100231;30;
26-09-2026;16:37;100235;24;
26-09-2026;16:51;100235;15;
28-09-2026;08:06;100232;18;
28-09-2026;08:29;100231;;
28-09-2026;08:51;100234;28;
28-09-2026;09:16;100232;29;
28-09-2026;09:44;100235;;
28-09-2026;10:04;100233;24;
28-09-2026;10:31;100233;19;
28-09-2026;11:07;100233;13;
28-09-2026;11:17;100234;18;
28-09-2026;11:56;100231;17;
28-09-2026;12:13;100234;;
28-09-2026;12:46;100235;26;
28-09-2026;13:04;100233;27;
28-09-2026;13:33;100231;28;
28-09-2026;14:02;100231;29;
28-09-2026;14:14;100232;18;
28-09-2026;14:51;100234;24;
28-09-2026;15:01;100231;19;
28-09-2026;15:30;100231;;
28-09-2026;15:51;100234;;
28-09-2026;16:20;100233;13;
28-09-2026;16:51;100233;27;
29-09-2026;08:16;100232;14;
29-09-2026;08:34;100232;27;
29-09-2026;08:56;100232;;
29-09-2026;09:23;100232;20;
29-09-2026;09:49;100232;16;
29-09-2026;10:11;100233;21;
29-09-2026;10:19;100235;27;
29-09-2026;10:40;100232;30;
29-09-2026;11:07;100232;27;
29-09-2026;11:28;100231;28;
29-09-2026;12:01;100234;24;
29-09-2026;12:13;100234;16;
29-09-2026;12:43;100232;;
29-09-2026;13:04;100234;27;
29-09-2026;13:26;100232;16;
29-09-2026;13:51;100235;21;
29-09-2026;14:16;100234;20;
29-09-2026;14:38;100231;21;
29-09-2026;14:48;100232;19;
29-09-2026;15:09;100235;14;
29-09-2026;15:39;100232;27;
29-09-2026;16:09;100233;19;
29-09-2026;16:32;100234;23;
29-09-2026;16:39;100235;;
30-09-2026;08:04;100234;28;
30-09-2026;08:32;100235;;
30-09-2026;08:45;100233;19;
30-09-2026;08:59;100235;22;
30-09-2026;09:18;100232;21;
30-09-2026;09:31;100235;;
30-09-2026;09:57;100233;;
30-09-2026;09:55;100233;28;
30-09-2026;10:10;100231;13;
30-09-2026;10:36;100233;;
30-09-2026;10:53;100233;;
30-09-2026;11:12;100234;15;
30-09-2026;11:30;100235;22;
30-09-2026;11:47;100234;28;
30-09-2026;12:01;100231;21;
30-09-2026;12:22;100231;;
30-09-2026;12:35;100233;30;
30-09-2026;12:40;100235;28;
30-09-2026;13:10;100232;13;
30-09-2026;13:25;100234;30;
30-09-2026;13:28;100235;;
30-09-2026;14:00;100235;;
30-09-2026;14:13;100232;24;
30-09-2026;14:19;100234;20;
30-09-2026;14:51;100231;22;
30-09-2026;14:59;100231;15;
30-09-2026;15:11;100234;26;
30-09-2026;15:27;100231;;
30-09-2026;15:56;100233;26;
30-09-2026;16:10;100233;20;
30-09-2026;16:25;100232;;
30-09-2026;16:39;100235;28;
30-09-2026;17:00;100234;;
