sitio;actividad;volumen_proyectado_m3;estado
1;escarpe;60;terminado
1;corte;212;terminado
2;escarpe;74;terminado
2;corte;141;terminado
3;escarpe;96;terminado
3;corte;173;terminado
4;escarpe;76;terminado
4;corte;195;terminado
5;escarpe;98;terminado
5;corte;174;terminado
6;escarpe;94;terminado
6;corte;184;terminado
7;escarpe;101;terminado
7;corte;144;terminado
8;escarpe;79;terminado
8;corte;191;terminado
9;escarpe;95;terminado
9;corte;125;terminado
10;escarpe;94;terminado
10;corte;167;terminado
11;escarpe;106;terminado
11;corte;201;terminado
12;escarpe;66;terminado
12;corte;171;terminado
13;escarpe;106;terminado
13;corte;189;en proceso
14;escarpe;92;terminado
14;corte;178;en proceso
15;escarpe;106;terminado
15;corte;211;en proceso
16;escarpe;79;terminado
16;corte;154;en proceso
17;escarpe;102;terminado
17;corte;153;en proceso
18;escarpe;68;terminado
18;corte;150;en proceso
19;escarpe;81;terminado
19;corte;149;en proceso
20;escarpe;107;terminado
20;corte;176;en proceso
21;escarpe;96;en proceso
21;corte;208;en proceso
22;escarpe;63;en proceso
22;corte;147;en proceso
23;escarpe;88;en proceso
23;corte;171;en proceso
24;escarpe;81;en proceso
24;corte;139;en proceso
25;escarpe;105;en proceso
25;corte;125;sin intervenir
26;escarpe;78;en proceso
26;corte;154;sin intervenir
27;escarpe;93;en proceso
27;corte;212;sin intervenir
28;escarpe;86;en proceso
28;corte;137;sin intervenir
29;escarpe;80;en proceso
29;corte;148;sin intervenir
30;escarpe;78;en proceso
30;corte;162;sin intervenir
31;escarpe;77;sin intervenir
31;corte;173;sin intervenir
32;escarpe;91;sin intervenir
32;corte;143;sin intervenir
33;escarpe;105;sin intervenir
33;corte;166;sin intervenir
34;escarpe;103;sin intervenir
34;corte;184;sin intervenir
35;escarpe;92;sin intervenir
35;corte;172;sin intervenir
36;escarpe;85;sin intervenir
36;corte;189;sin intervenir
37;escarpe;107;sin intervenir
37;corte;160;sin intervenir
38;escarpe;95;sin intervenir
38;corte;145;sin intervenir
39;escarpe;89;sin intervenir
39;corte;155;sin intervenir
40;escarpe;77;sin intervenir
40;corte;159;sin intervenir
41;escarpe;100;sin intervenir
41;corte;208;sin intervenir
42;escarpe;66;sin intervenir
42;corte;202;sin intervenir
43;escarpe;64;sin intervenir
43;corte;161;sin intervenir
44;escarpe;68;sin intervenir
44;corte;128;sin intervenir
45;escarpe;110;sin intervenir
45;corte;142;sin intervenir
46;escarpe;92;sin intervenir
46;corte;134;sin intervenir
47;escarpe;83;sin intervenir
47;corte;179;sin intervenir
48;escarpe;67;sin intervenir
48;corte;212;sin intervenir
ED-1;escarpe;900;en proceso
ED-1;corte;4200;sin intervenir
ED-2;escarpe;800;sin intervenir
ED-2;corte;3600;sin intervenir
