sitio;fecha;excavacion_m3;esponjado_m3;avance_pct;trasladado_m3;inicio;termino
1;2026-10-04;2490,16;3560,93;100;3560,93;2026-07-20;2026-08-14
2;2026-10-04;1708,73;2443,48;100;2443,48;2026-07-20;2026-08-14
3;2026-10-04;463,44;662,72;59;391,00;2026-10-12;2026-11-06
4;2026-10-04;413,07;590,69;100;590,69;;
5;2026-10-04;590,17;843,94;100;843,94;2026-07-13;2026-08-07
6;2026-10-04;590,29;844,11;100;844,11;2026-07-13;2026-08-07
7;2026-10-04;599,02;856,60;100;856,60;;
8;2026-10-04;533,12;762,36;100;762,36;;
9;2026-10-04;2013,71;2879,61;100;2879,61;2026-08-17;2026-09-11
10;2026-10-04;1558,62;2228,83;100;2228,83;2026-08-24;2026-09-25
11;2026-10-04;1793,83;2565,18;100;2565,18;2026-08-24;2026-09-25
12;2026-10-04;734,03;1049,66;;;;
13;2026-10-04;5,76;8,24;;;;
14;2026-10-04;0,00;0,00;;;;
15;2026-10-04;204,09;291,85;;;;
16;2026-10-04;784,53;1121,88;;;;
17;2026-10-04;252,40;360,93;;;;
18;2026-10-04;673,14;962,59;;;;
19;2026-10-04;34,94;49,96;;;;
20;2026-10-04;0,00;0,00;;;;
21;2026-10-04;0,00;0,00;;;;
22;2026-10-04;19,34;27,66;;;;
23;2026-10-04;39,67;56,73;;;;
24;2026-10-04;34,10;48,76;;;;
25;2026-10-04;1374,53;1965,58;27;530,71;;
26;2026-10-04;36,14;51,68;0;0,00;;
27;2026-10-04;192,74;275,62;0;0,00;;
28;2026-10-04;322,91;461,76;0;0,00;;
29;2026-10-04;415,37;593,98;0;0,00;;
30;2026-10-04;278,77;398,64;90;358,78;2026-07-27;2026-08-21
31;2026-10-04;104,71;149,74;100;149,74;2026-07-27;2026-08-21
32;2026-10-04;46,17;66,02;100;66,02;2026-08-03;2026-08-28
33;2026-10-04;661,84;946,43;90;851,79;2026-08-03;2026-08-28
34;2026-10-04;634,93;907,95;89;808,08;2026-08-10;2026-09-04
35;2026-10-04;413,60;591,45;90;532,30;2026-08-10;2026-09-04
36;2026-10-04;457,57;654,33;53;346,79;2026-08-17;2026-09-11
37;2026-10-04;630,79;902,03;0;0,00;;
38;2026-10-04;219,07;313,27;0;0,00;;
39;2026-10-04;74,41;106,41;24;25,54;2026-09-21;2026-10-16
40;2026-10-04;1078,69;1542,53;100;1542,53;2026-08-31;2026-10-02
41;2026-10-04;1397,45;1998,35;98;1958,39;2026-08-31;2026-10-02
42;2026-10-04;1126,18;1610,44;94;1513,81;2026-09-07;2026-10-09
43;2026-10-04;687,52;983,15;93;914,33;2026-09-07;2026-10-09
44;2026-10-04;414,36;592,53;93;551,06;2026-09-28;2026-10-23
45;2026-10-04;619,43;885,78;7;62,00;2026-09-28;2026-10-23
46;2026-10-04;1083,75;1549,76;12;185,97;2026-09-21;2026-10-16
47;2026-10-04;1133,05;1620,26;0;0,00;2026-10-05;2026-10-30
48;2026-10-04;412,96;590,53;0;0,00;2026-10-05;2026-10-30
