sitio;inicio;termino;tarea
6;2026-07-20;2026-08-14;Entrega de plataformas por urbanizadoa. → Relleno compactado.
5;2026-07-20;2026-08-14;Entrega de plataformas por urbanizadoa. → Relleno compactado.
2;2026-07-27;2026-08-21;Entrega de plataformas por urbanizadoa. → Relleno compactado.
1;2026-07-27;2026-08-21;Entrega de plataformas por urbanizadoa. → Relleno compactado.
30;2026-08-03;2026-08-28;Entrega de plataformas por urbanizadoa. → Relleno compactado.
31;2026-08-03;2026-08-28;Entrega de plataformas por urbanizadoa. → Relleno compactado.
32;2026-08-10;2026-09-04;Entrega de plataformas por urbanizadoa. → Relleno compactado.
33;2026-08-10;2026-09-04;Entrega de plataformas por urbanizadoa. → Relleno compactado.
34;2026-08-17;2026-09-11;Entrega de plataformas por urbanizadoa. → Relleno compactado.
35;2026-08-17;2026-09-11;Entrega de plataformas por urbanizadoa. → Relleno compactado.
36;2026-08-24;2026-09-18;Entrega de plataformas por urbanizadoa. → Relleno compactado.
9;2026-08-24;2026-09-18;Entrega de plataformas por urbanizadoa. → Relleno compactado.
10;2026-08-31;2026-10-02;Entrega de plataformas por urbanizadoa. → Relleno compactado.
11;2026-08-31;2026-10-02;Entrega de plataformas por urbanizadoa. → Relleno compactado.
40;2026-09-07;2026-10-09;Entrega de plataformas por urbanizadoa. → Relleno compactado.
41;2026-09-07;2026-10-09;Entrega de plataformas por urbanizadoa. → Relleno compactado.
42;2026-09-14;2026-10-16;Entrega de plataformas por urbanizadoa. → Relleno compactado.
43;2026-09-14;2026-10-16;Entrega de plataformas por urbanizadoa. → Relleno compactado.
39;2026-09-28;2026-10-23;Entrega de plataformas por urbanizadoa. → Relleno compactado.
46;2026-09-28;2026-10-23;Entrega de plataformas por urbanizadoa. → Relleno compactado.
45;2026-10-05;2026-10-30;Entrega de plataformas por urbanizadoa. → Relleno compactado.
44;2026-10-05;2026-10-30;Entrega de plataformas por urbanizadoa. → Relleno compactado.
47;2026-10-12;2026-11-06;Entrega de plataformas por urbanizadoa. → Relleno compactado.
48;2026-10-12;2026-11-06;Entrega de plataformas por urbanizadoa. → Relleno compactado.
3;2026-10-19;2026-11-13;Entrega de plataformas por urbanizadoa. → Relleno compactado.
29;2026-10-19;2026-11-13;Entrega de plataformas por urbanizadoa. → Relleno compactado.
28;2026-10-26;2026-11-20;Entrega de plataformas por urbanizadoa. → Relleno compactado.
27;2026-10-26;2026-11-20;Entrega de plataformas por urbanizadoa. → Relleno compactado.
26;2026-11-02;2026-11-27;Entrega de plataformas por urbanizadoa. → Relleno compactado.
24;2026-11-02;2026-11-27;Entrega de plataformas por urbanizadoa. → Relleno compactado.
37;2026-11-09;2026-12-04;Entrega de plataformas por urbanizadoa. → Relleno compactado.
38;2026-11-09;2026-12-04;Entrega de plataformas por urbanizadoa. → Relleno compactado.
23;2026-11-16;2026-12-11;Entrega de plataformas por urbanizadoa. → Relleno compactado.
22;2026-11-16;2026-12-11;Entrega de plataformas por urbanizadoa. → Relleno compactado.
21;2026-11-23;2026-12-18;Entrega de plataformas por urbanizadoa. → Relleno compactado.
17;2026-11-23;2026-12-18;Entrega de plataformas por urbanizadoa. → Relleno compactado.
18;2026-11-30;2026-12-25;Entrega de plataformas por urbanizadoa. → Relleno compactado.
19;2026-11-30;2026-12-25;Entrega de plataformas por urbanizadoa. → Relleno compactado.
20;2026-12-07;2027-01-01;Entrega de plataformas por urbanizadoa. → Relleno compactado.
16;2026-12-07;2027-01-01;Entrega de plataformas por urbanizadoa. → Relleno compactado.
15;2026-12-14;2027-01-15;Entrega de plataformas por urbanizadoa. → Relleno compactado.
14;2026-12-14;2027-01-15;Entrega de plataformas por urbanizadoa. → Relleno compactado.
8;2026-12-21;2027-01-22;Entrega de plataformas por urbanizadoa. → Relleno compactado.
7;2026-12-21;2027-01-22;Entrega de plataformas por urbanizadoa. → Relleno compactado.
12;2026-12-28;2027-01-29;Entrega de plataformas por urbanizadoa. → Relleno compactado.
13;2026-12-28;2027-01-29;Entrega de plataformas por urbanizadoa. → Relleno compactado.
25;2027-01-11;2027-02-05;Entrega de plataformas por urbanizadoa. → Relleno compactado.
