sitio;tarea;inicio;termino
1;Entrega de plataformas por urbanizadoa.;2026-07-27;2026-07-31
1;Replanteo topográfico Sitios;2026-07-27;2026-07-31
1;Aprobación de replanteo Sitios;2026-08-03;2026-08-07
1;Visita mecanico de suelos para recepción plataformas.;2026-08-03;2026-08-07
1;Excavación a máquina zonas de arcilla bajo radieres;2026-08-03;2026-08-07
1;Rectificación a mano zonas de arcilla bajo radieres;2026-08-10;2026-08-14
1;Recepción sello fundación;2026-08-10;2026-08-14
1;Relleno compactado.;2026-08-17;2026-08-21
2;Entrega de plataformas por urbanizadoa.;2026-07-27;2026-07-31
2;Replanteo topográfico Sitios;2026-07-27;2026-07-31
2;Aprobación de replanteo Sitios;2026-08-03;2026-08-07
2;Visita mecanico de suelos para recepción plataformas.;2026-08-03;2026-08-07
2;Excavación a máquina zonas de arcilla bajo radieres;2026-08-03;2026-08-07
2;Rectificación a mano zonas de arcilla bajo radieres;2026-08-10;2026-08-14
2;Recepción sello fundación;2026-08-10;2026-08-14
2;Relleno compactado.;2026-08-17;2026-08-21
3;Entrega de plataformas por urbanizadoa.;2026-10-19;2026-10-23
3;Replanteo topográfico Sitios;2026-10-19;2026-10-23
3;Aprobación de replanteo Sitios;2026-10-26;2026-10-30
3;Visita mecanico de suelos para recepción plataformas.;2026-10-26;2026-10-30
3;Excavación a máquina zonas de arcilla bajo radieres;2026-10-26;2026-10-30
3;Rectificación a mano zonas de arcilla bajo radieres;2026-11-02;2026-11-06
3;Recepción sello fundación;2026-11-02;2026-11-06
3;Relleno compactado.;2026-11-09;2026-11-13
5;Entrega de plataformas por urbanizadoa.;2026-07-20;2026-07-24
5;Replanteo topográfico Sitios;2026-07-20;2026-07-24
5;Aprobación de replanteo Sitios;2026-07-27;2026-07-31
5;Visita mecanico de suelos para recepción plataformas.;2026-07-27;2026-07-31
5;Excavación a máquina zonas de arcilla bajo radieres;2026-07-27;2026-07-31
5;Rectificación a mano zonas de arcilla bajo radieres;2026-08-03;2026-08-07
5;Recepción sello fundación;2026-08-03;2026-08-07
5;Relleno compactado.;2026-08-10;2026-08-14
6;Entrega de plataformas por urbanizadoa.;2026-07-20;2026-07-24
6;Replanteo topográfico Sitios;2026-07-20;2026-07-24
6;Aprobación de replanteo Sitios;2026-07-27;2026-07-31
6;Visita mecanico de suelos para recepción plataformas.;2026-07-27;2026-07-31
6;Excavación a máquina zonas de arcilla bajo radieres;2026-07-27;2026-07-31
6;Rectificación a mano zonas de arcilla bajo radieres;2026-08-03;2026-08-07
6;Recepción sello fundación;2026-08-03;2026-08-07
6;Relleno compactado.;2026-08-10;2026-08-14
7;Entrega de plataformas por urbanizadoa.;2026-12-21;2026-12-25
7;Replanteo topográfico Sitios;2026-12-21;2026-12-25
7;Aprobación de replanteo Sitios;2026-12-28;2027-01-01
7;Visita mecanico de suelos para recepción plataformas.;2026-12-28;2027-01-01
7;Excavación a máquina zonas de arcilla bajo radieres;2026-12-28;2027-01-01
7;Rectificación a mano zonas de arcilla bajo radieres;2027-01-11;2027-01-15
7;Recepción sello fundación;2027-01-11;2027-01-15
7;Relleno compactado.;2027-01-18;2027-01-22
8;Entrega de plataformas por urbanizadoa.;2026-12-21;2026-12-25
8;Replanteo topográfico Sitios;2026-12-21;2026-12-25
8;Aprobación de replanteo Sitios;2026-12-28;2027-01-01
8;Visita mecanico de suelos para recepción plataformas.;2026-12-28;2027-01-01
8;Excavación a máquina zonas de arcilla bajo radieres;2026-12-28;2027-01-01
8;Rectificación a mano zonas de arcilla bajo radieres;2027-01-11;2027-01-15
8;Recepción sello fundación;2027-01-11;2027-01-15
8;Relleno compactado.;2027-01-18;2027-01-22
9;Entrega de plataformas por urbanizadoa.;2026-08-24;2026-08-28
9;Replanteo topográfico Sitios;2026-08-24;2026-08-28
9;Aprobación de replanteo Sitios;2026-08-31;2026-09-04
9;Visita mecanico de suelos para recepción plataformas.;2026-08-31;2026-09-04
9;Excavación a máquina zonas de arcilla bajo radieres;2026-08-31;2026-09-04
9;Rectificación a mano zonas de arcilla bajo radieres;2026-09-07;2026-09-11
9;Recepción sello fundación;2026-09-07;2026-09-11
9;Relleno compactado.;2026-09-14;2026-09-18
10;Entrega de plataformas por urbanizadoa.;2026-08-31;2026-09-04
10;Replanteo topográfico Sitios;2026-08-31;2026-09-04
10;Aprobación de replanteo Sitios;2026-09-07;2026-09-11
10;Visita mecanico de suelos para recepción plataformas.;2026-09-07;2026-09-11
10;Excavación a máquina zonas de arcilla bajo radieres;2026-09-07;2026-09-11
10;Rectificación a mano zonas de arcilla bajo radieres;2026-09-14;2026-09-18
10;Recepción sello fundación;2026-09-14;2026-09-18
10;Relleno compactado.;2026-09-28;2026-10-02
11;Entrega de plataformas por urbanizadoa.;2026-08-31;2026-09-04
11;Replanteo topográfico Sitios;2026-08-31;2026-09-04
11;Aprobación de replanteo Sitios;2026-09-07;2026-09-11
11;Visita mecanico de suelos para recepción plataformas.;2026-09-07;2026-09-11
11;Excavación a máquina zonas de arcilla bajo radieres;2026-09-07;2026-09-11
11;Rectificación a mano zonas de arcilla bajo radieres;2026-09-14;2026-09-18
11;Recepción sello fundación;2026-09-14;2026-09-18
11;Relleno compactado.;2026-09-28;2026-10-02
12;Entrega de plataformas por urbanizadoa.;2026-12-28;2027-01-01
12;Replanteo topográfico Sitios;2026-12-28;2027-01-01
12;Aprobación de replanteo Sitios;2027-01-11;2027-01-15
12;Visita mecanico de suelos para recepción plataformas.;2027-01-11;2027-01-15
12;Excavación a máquina zonas de arcilla bajo radieres;2027-01-11;2027-01-15
12;Rectificación a mano zonas de arcilla bajo radieres;2027-01-18;2027-01-22
12;Recepción sello fundación;2027-01-18;2027-01-22
12;Relleno compactado.;2027-01-25;2027-01-29
13;Entrega de plataformas por urbanizadoa.;2026-12-28;2027-01-01
13;Replanteo topográfico Sitios;2026-12-28;2027-01-01
13;Aprobación de replanteo Sitios;2027-01-11;2027-01-15
13;Visita mecanico de suelos para recepción plataformas.;2027-01-11;2027-01-15
13;Excavación a máquina zonas de arcilla bajo radieres;2027-01-11;2027-01-15
13;Rectificación a mano zonas de arcilla bajo radieres;2027-01-18;2027-01-22
13;Recepción sello fundación;2027-01-18;2027-01-22
13;Relleno compactado.;2027-01-25;2027-01-29
14;Entrega de plataformas por urbanizadoa.;2026-12-14;2026-12-18
14;Replanteo topográfico Sitios;2026-12-14;2026-12-18
14;Aprobación de replanteo Sitios;2026-12-21;2026-12-25
14;Visita mecanico de suelos para recepción plataformas.;2026-12-21;2026-12-25
14;Excavación a máquina zonas de arcilla bajo radieres;2026-12-21;2026-12-25
14;Rectificación a mano zonas de arcilla bajo radieres;2026-12-28;2027-01-01
14;Recepción sello fundación;2026-12-28;2027-01-01
14;Relleno compactado.;2027-01-11;2027-01-15
15;Entrega de plataformas por urbanizadoa.;2026-12-14;2026-12-18
15;Replanteo topográfico Sitios;2026-12-14;2026-12-18
15;Aprobación de replanteo Sitios;2026-12-21;2026-12-25
15;Visita mecanico de suelos para recepción plataformas.;2026-12-21;2026-12-25
15;Excavación a máquina zonas de arcilla bajo radieres;2026-12-21;2026-12-25
15;Rectificación a mano zonas de arcilla bajo radieres;2026-12-28;2027-01-01
15;Recepción sello fundación;2026-12-28;2027-01-01
15;Relleno compactado.;2027-01-11;2027-01-15
16;Entrega de plataformas por urbanizadoa.;2026-12-07;2026-12-11
16;Replanteo topográfico Sitios;2026-12-07;2026-12-11
16;Aprobación de replanteo Sitios;2026-12-14;2026-12-18
16;Visita mecanico de suelos para recepción plataformas.;2026-12-14;2026-12-18
16;Excavación a máquina zonas de arcilla bajo radieres;2026-12-14;2026-12-18
16;Rectificación a mano zonas de arcilla bajo radieres;2026-12-21;2026-12-25
16;Recepción sello fundación;2026-12-21;2026-12-25
16;Relleno compactado.;2026-12-28;2027-01-01
17;Entrega de plataformas por urbanizadoa.;2026-11-23;2026-11-27
17;Replanteo topográfico Sitios;2026-11-23;2026-11-27
17;Aprobación de replanteo Sitios;2026-11-30;2026-12-04
17;Visita mecanico de suelos para recepción plataformas.;2026-11-30;2026-12-04
17;Excavación a máquina zonas de arcilla bajo radieres;2026-11-30;2026-12-04
17;Rectificación a mano zonas de arcilla bajo radieres;2026-12-07;2026-12-11
17;Recepción sello fundación;2026-12-07;2026-12-11
17;Relleno compactado.;2026-12-14;2026-12-18
18;Entrega de plataformas por urbanizadoa.;2026-11-30;2026-12-04
18;Replanteo topográfico Sitios;2026-11-30;2026-12-04
18;Aprobación de replanteo Sitios;2026-12-07;2026-12-11
18;Visita mecanico de suelos para recepción plataformas.;2026-12-07;2026-12-11
18;Excavación a máquina zonas de arcilla bajo radieres;2026-12-07;2026-12-11
18;Rectificación a mano zonas de arcilla bajo radieres;2026-12-14;2026-12-18
18;Recepción sello fundación;2026-12-14;2026-12-18
18;Relleno compactado.;2026-12-21;2026-12-25
19;Entrega de plataformas por urbanizadoa.;2026-11-30;2026-12-04
19;Replanteo topográfico Sitios;2026-11-30;2026-12-04
19;Aprobación de replanteo Sitios;2026-12-07;2026-12-11
19;Visita mecanico de suelos para recepción plataformas.;2026-12-07;2026-12-11
19;Excavación a máquina zonas de arcilla bajo radieres;2026-12-07;2026-12-11
19;Rectificación a mano zonas de arcilla bajo radieres;2026-12-14;2026-12-18
19;Recepción sello fundación;2026-12-14;2026-12-18
19;Relleno compactado.;2026-12-21;2026-12-25
20;Entrega de plataformas por urbanizadoa.;2026-12-07;2026-12-11
20;Replanteo topográfico Sitios;2026-12-07;2026-12-11
20;Aprobación de replanteo Sitios;2026-12-14;2026-12-18
20;Visita mecanico de suelos para recepción plataformas.;2026-12-14;2026-12-18
20;Excavación a máquina zonas de arcilla bajo radieres;2026-12-14;2026-12-18
20;Rectificación a mano zonas de arcilla bajo radieres;2026-12-21;2026-12-25
20;Recepción sello fundación;2026-12-21;2026-12-25
20;Relleno compactado.;2026-12-28;2027-01-01
21;Entrega de plataformas por urbanizadoa.;2026-11-23;2026-11-27
21;Replanteo topográfico Sitios;2026-11-23;2026-11-27
21;Aprobación de replanteo Sitios;2026-11-30;2026-12-04
21;Visita mecanico de suelos para recepción plataformas.;2026-11-30;2026-12-04
21;Excavación a máquina zonas de arcilla bajo radieres;2026-11-30;2026-12-04
21;Rectificación a mano zonas de arcilla bajo radieres;2026-12-07;2026-12-11
21;Recepción sello fundación;2026-12-07;2026-12-11
21;Relleno compactado.;2026-12-14;2026-12-18
22;Entrega de plataformas por urbanizadoa.;2026-11-16;2026-11-20
22;Replanteo topográfico Sitios;2026-11-16;2026-11-20
22;Aprobación de replanteo Sitios;2026-11-23;2026-11-27
22;Visita mecanico de suelos para recepción plataformas.;2026-11-23;2026-11-27
22;Excavación a máquina zonas de arcilla bajo radieres;2026-11-23;2026-11-27
22;Rectificación a mano zonas de arcilla bajo radieres;2026-11-30;2026-12-04
22;Recepción sello fundación;2026-11-30;2026-12-04
22;Relleno compactado.;2026-12-07;2026-12-11
23;Entrega de plataformas por urbanizadoa.;2026-11-16;2026-11-20
23;Replanteo topográfico Sitios;2026-11-16;2026-11-20
23;Aprobación de replanteo Sitios;2026-11-23;2026-11-27
23;Visita mecanico de suelos para recepción plataformas.;2026-11-23;2026-11-27
23;Excavación a máquina zonas de arcilla bajo radieres;2026-11-23;2026-11-27
23;Rectificación a mano zonas de arcilla bajo radieres;2026-11-30;2026-12-04
23;Recepción sello fundación;2026-11-30;2026-12-04
23;Relleno compactado.;2026-12-07;2026-12-11
24;Entrega de plataformas por urbanizadoa.;2026-11-02;2026-11-06
24;Replanteo topográfico Sitios;2026-11-02;2026-11-06
24;Aprobación de replanteo Sitios;2026-11-09;2026-11-13
24;Visita mecanico de suelos para recepción plataformas.;2026-11-09;2026-11-13
24;Excavación a máquina zonas de arcilla bajo radieres;2026-11-09;2026-11-13
24;Rectificación a mano zonas de arcilla bajo radieres;2026-11-16;2026-11-20
24;Recepción sello fundación;2026-11-16;2026-11-20
24;Relleno compactado.;2026-11-23;2026-11-27
25;Entrega de plataformas por urbanizadoa.;2027-01-11;2027-01-15
25;Replanteo topográfico Sitios;2027-01-11;2027-01-15
25;Aprobación de replanteo Sitios;2027-01-18;2027-01-22
25;Visita mecanico de suelos para recepción plataformas.;2027-01-18;2027-01-22
25;Excavación a máquina zonas de arcilla bajo radieres;2027-01-18;2027-01-22
25;Rectificación a mano zonas de arcilla bajo radieres;2027-01-25;2027-01-29
25;Recepción sello fundación;2027-01-25;2027-01-29
25;Relleno compactado.;2027-02-01;2027-02-05
26;Entrega de plataformas por urbanizadoa.;2026-11-02;2026-11-06
26;Replanteo topográfico Sitios;2026-11-02;2026-11-06
26;Aprobación de replanteo Sitios;2026-11-09;2026-11-13
26;Visita mecanico de suelos para recepción plataformas.;2026-11-09;2026-11-13
26;Excavación a máquina zonas de arcilla bajo radieres;2026-11-09;2026-11-13
26;Rectificación a mano zonas de arcilla bajo radieres;2026-11-16;2026-11-20
26;Recepción sello fundación;2026-11-16;2026-11-20
26;Relleno compactado.;2026-11-23;2026-11-27
27;Entrega de plataformas por urbanizadoa.;2026-10-26;2026-10-30
27;Replanteo topográfico Sitios;2026-10-26;2026-10-30
27;Aprobación de replanteo Sitios;2026-11-02;2026-11-06
27;Visita mecanico de suelos para recepción plataformas.;2026-11-02;2026-11-06
27;Excavación a máquina zonas de arcilla bajo radieres;2026-11-02;2026-11-06
27;Rectificación a mano zonas de arcilla bajo radieres;2026-11-09;2026-11-13
27;Recepción sello fundación;2026-11-09;2026-11-13
27;Relleno compactado.;2026-11-16;2026-11-20
28;Entrega de plataformas por urbanizadoa.;2026-10-26;2026-10-30
28;Replanteo topográfico Sitios;2026-10-26;2026-10-30
28;Aprobación de replanteo Sitios;2026-11-02;2026-11-06
28;Visita mecanico de suelos para recepción plataformas.;2026-11-02;2026-11-06
28;Excavación a máquina zonas de arcilla bajo radieres;2026-11-02;2026-11-06
28;Rectificación a mano zonas de arcilla bajo radieres;2026-11-09;2026-11-13
28;Recepción sello fundación;2026-11-09;2026-11-13
28;Relleno compactado.;2026-11-16;2026-11-20
29;Entrega de plataformas por urbanizadoa.;2026-10-19;2026-10-23
29;Replanteo topográfico Sitios;2026-10-19;2026-10-23
29;Aprobación de replanteo Sitios;2026-10-26;2026-10-30
29;Visita mecanico de suelos para recepción plataformas.;2026-10-26;2026-10-30
29;Excavación a máquina zonas de arcilla bajo radieres;2026-10-26;2026-10-30
29;Rectificación a mano zonas de arcilla bajo radieres;2026-11-02;2026-11-06
29;Recepción sello fundación;2026-11-02;2026-11-06
29;Relleno compactado.;2026-11-09;2026-11-13
30;Entrega de plataformas por urbanizadoa.;2026-08-03;2026-08-07
30;Replanteo topográfico Sitios;2026-08-03;2026-08-07
30;Aprobación de replanteo Sitios;2026-08-10;2026-08-14
30;Visita mecanico de suelos para recepción plataformas.;2026-08-10;2026-08-14
30;Excavación a máquina zonas de arcilla bajo radieres;2026-08-10;2026-08-14
30;Rectificación a mano zonas de arcilla bajo radieres;2026-08-17;2026-08-21
30;Recepción sello fundación;2026-08-17;2026-08-21
30;Relleno compactado.;2026-08-24;2026-08-28
31;Entrega de plataformas por urbanizadoa.;2026-08-03;2026-08-07
31;Replanteo topográfico Sitios;2026-08-03;2026-08-07
31;Aprobación de replanteo Sitios;2026-08-10;2026-08-14
31;Visita mecanico de suelos para recepción plataformas.;2026-08-10;2026-08-14
31;Excavación a máquina zonas de arcilla bajo radieres;2026-08-10;2026-08-14
31;Rectificación a mano zonas de arcilla bajo radieres;2026-08-17;2026-08-21
31;Recepción sello fundación;2026-08-17;2026-08-21
31;Relleno compactado.;2026-08-24;2026-08-28
32;Entrega de plataformas por urbanizadoa.;2026-08-10;2026-08-14
32;Replanteo topográfico Sitios;2026-08-10;2026-08-14
32;Aprobación de replanteo Sitios;2026-08-17;2026-08-21
32;Visita mecanico de suelos para recepción plataformas.;2026-08-17;2026-08-21
32;Excavación a máquina zonas de arcilla bajo radieres;2026-08-17;2026-08-21
32;Rectificación a mano zonas de arcilla bajo radieres;2026-08-24;2026-08-28
32;Recepción sello fundación;2026-08-24;2026-08-28
32;Relleno compactado.;2026-08-31;2026-09-04
33;Entrega de plataformas por urbanizadoa.;2026-08-10;2026-08-14
33;Replanteo topográfico Sitios;2026-08-10;2026-08-14
33;Aprobación de replanteo Sitios;2026-08-17;2026-08-21
33;Visita mecanico de suelos para recepción plataformas.;2026-08-17;2026-08-21
33;Excavación a máquina zonas de arcilla bajo radieres;2026-08-17;2026-08-21
33;Rectificación a mano zonas de arcilla bajo radieres;2026-08-24;2026-08-28
33;Recepción sello fundación;2026-08-24;2026-08-28
33;Relleno compactado.;2026-08-31;2026-09-04
34;Entrega de plataformas por urbanizadoa.;2026-08-17;2026-08-21
34;Replanteo topográfico Sitios;2026-08-17;2026-08-21
34;Aprobación de replanteo Sitios;2026-08-24;2026-08-28
34;Visita mecanico de suelos para recepción plataformas.;2026-08-24;2026-08-28
34;Excavación a máquina zonas de arcilla bajo radieres;2026-08-24;2026-08-28
34;Rectificación a mano zonas de arcilla bajo radieres;2026-08-31;2026-09-04
34;Recepción sello fundación;2026-08-31;2026-09-04
34;Relleno compactado.;2026-09-07;2026-09-11
35;Entrega de plataformas por urbanizadoa.;2026-08-17;2026-08-21
35;Replanteo topográfico Sitios;2026-08-17;2026-08-21
35;Aprobación de replanteo Sitios;2026-08-24;2026-08-28
35;Visita mecanico de suelos para recepción plataformas.;2026-08-24;2026-08-28
35;Excavación a máquina zonas de arcilla bajo radieres;2026-08-24;2026-08-28
35;Rectificación a mano zonas de arcilla bajo radieres;2026-08-31;2026-09-04
35;Recepción sello fundación;2026-08-31;2026-09-04
35;Relleno compactado.;2026-09-07;2026-09-11
36;Entrega de plataformas por urbanizadoa.;2026-08-24;2026-08-28
36;Replanteo topográfico Sitios;2026-08-24;2026-08-28
36;Aprobación de replanteo Sitios;2026-08-31;2026-09-04
36;Visita mecanico de suelos para recepción plataformas.;2026-08-31;2026-09-04
36;Excavación a máquina zonas de arcilla bajo radieres;2026-08-31;2026-09-04
36;Rectificación a mano zonas de arcilla bajo radieres;2026-09-07;2026-09-11
36;Recepción sello fundación;2026-09-07;2026-09-11
36;Relleno compactado.;2026-09-14;2026-09-18
37;Entrega de plataformas por urbanizadoa.;2026-11-09;2026-11-13
37;Replanteo topográfico Sitios;2026-11-09;2026-11-13
37;Aprobación de replanteo Sitios;2026-11-16;2026-11-20
37;Visita mecanico de suelos para recepción plataformas.;2026-11-16;2026-11-20
37;Excavación a máquina zonas de arcilla bajo radieres;2026-11-16;2026-11-20
37;Rectificación a mano zonas de arcilla bajo radieres;2026-11-23;2026-11-27
37;Recepción sello fundación;2026-11-23;2026-11-27
37;Relleno compactado.;2026-11-30;2026-12-04
38;Entrega de plataformas por urbanizadoa.;2026-11-09;2026-11-13
38;Replanteo topográfico Sitios;2026-11-09;2026-11-13
38;Aprobación de replanteo Sitios;2026-11-16;2026-11-20
38;Visita mecanico de suelos para recepción plataformas.;2026-11-16;2026-11-20
38;Excavación a máquina zonas de arcilla bajo radieres;2026-11-16;2026-11-20
38;Rectificación a mano zonas de arcilla bajo radieres;2026-11-23;2026-11-27
38;Recepción sello fundación;2026-11-23;2026-11-27
38;Relleno compactado.;2026-11-30;2026-12-04
39;Entrega de plataformas por urbanizadoa.;2026-09-28;2026-10-02
39;Replanteo topográfico Sitios;2026-09-28;2026-10-02
39;Aprobación de replanteo Sitios;2026-10-05;2026-10-09
39;Visita mecanico de suelos para recepción plataformas.;2026-10-05;2026-10-09
39;Excavación a máquina zonas de arcilla bajo radieres;2026-10-05;2026-10-09
39;Rectificación a mano zonas de arcilla bajo radieres;2026-10-12;2026-10-16
39;Recepción sello fundación;2026-10-12;2026-10-16
39;Relleno compactado.;2026-10-19;2026-10-23
40;Entrega de plataformas por urbanizadoa.;2026-09-07;2026-09-11
40;Replanteo topográfico Sitios;2026-09-07;2026-09-11
40;Aprobación de replanteo Sitios;2026-09-14;2026-09-18
40;Visita mecanico de suelos para recepción plataformas.;2026-09-14;2026-09-18
40;Excavación a máquina zonas de arcilla bajo radieres;2026-09-14;2026-09-18
40;Rectificación a mano zonas de arcilla bajo radieres;2026-09-28;2026-10-02
40;Recepción sello fundación;2026-09-28;2026-10-02
40;Relleno compactado.;2026-10-05;2026-10-09
41;Entrega de plataformas por urbanizadoa.;2026-09-07;2026-09-11
41;Replanteo topográfico Sitios;2026-09-07;2026-09-11
41;Aprobación de replanteo Sitios;2026-09-14;2026-09-18
41;Visita mecanico de suelos para recepción plataformas.;2026-09-14;2026-09-18
41;Excavación a máquina zonas de arcilla bajo radieres;2026-09-14;2026-09-18
41;Rectificación a mano zonas de arcilla bajo radieres;2026-09-28;2026-10-02
41;Recepción sello fundación;2026-09-28;2026-10-02
41;Relleno compactado.;2026-10-05;2026-10-09
42;Entrega de plataformas por urbanizadoa.;2026-09-14;2026-09-18
42;Replanteo topográfico Sitios;2026-09-14;2026-09-18
42;Aprobación de replanteo Sitios;2026-09-28;2026-10-02
42;Visita mecanico de suelos para recepción plataformas.;2026-09-28;2026-10-02
42;Excavación a máquina zonas de arcilla bajo radieres;2026-09-28;2026-10-02
42;Rectificación a mano zonas de arcilla bajo radieres;2026-10-05;2026-10-09
42;Recepción sello fundación;2026-10-05;2026-10-09
42;Relleno compactado.;2026-10-12;2026-10-16
43;Entrega de plataformas por urbanizadoa.;2026-09-14;2026-09-18
43;Replanteo topográfico Sitios;2026-09-14;2026-09-18
43;Aprobación de replanteo Sitios;2026-09-28;2026-10-02
43;Visita mecanico de suelos para recepción plataformas.;2026-09-28;2026-10-02
43;Excavación a máquina zonas de arcilla bajo radieres;2026-09-28;2026-10-02
43;Rectificación a mano zonas de arcilla bajo radieres;2026-10-05;2026-10-09
43;Recepción sello fundación;2026-10-05;2026-10-09
43;Relleno compactado.;2026-10-12;2026-10-16
44;Entrega de plataformas por urbanizadoa.;2026-10-05;2026-10-09
44;Replanteo topográfico Sitios;2026-10-05;2026-10-09
44;Aprobación de replanteo Sitios;2026-10-12;2026-10-16
44;Visita mecanico de suelos para recepción plataformas.;2026-10-12;2026-10-16
44;Excavación a máquina zonas de arcilla bajo radieres;2026-10-12;2026-10-16
44;Rectificación a mano zonas de arcilla bajo radieres;2026-10-19;2026-10-23
44;Recepción sello fundación;2026-10-19;2026-10-23
44;Relleno compactado.;2026-10-26;2026-10-30
45;Entrega de plataformas por urbanizadoa.;2026-10-05;2026-10-09
45;Replanteo topográfico Sitios;2026-10-05;2026-10-09
45;Aprobación de replanteo Sitios;2026-10-12;2026-10-16
45;Visita mecanico de suelos para recepción plataformas.;2026-10-12;2026-10-16
45;Excavación a máquina zonas de arcilla bajo radieres;2026-10-12;2026-10-16
45;Rectificación a mano zonas de arcilla bajo radieres;2026-10-19;2026-10-23
45;Recepción sello fundación;2026-10-19;2026-10-23
45;Relleno compactado.;2026-10-26;2026-10-30
46;Entrega de plataformas por urbanizadoa.;2026-09-28;2026-10-02
46;Replanteo topográfico Sitios;2026-09-28;2026-10-02
46;Aprobación de replanteo Sitios;2026-10-05;2026-10-09
46;Visita mecanico de suelos para recepción plataformas.;2026-10-05;2026-10-09
46;Excavación a máquina zonas de arcilla bajo radieres;2026-10-05;2026-10-09
46;Rectificación a mano zonas de arcilla bajo radieres;2026-10-12;2026-10-16
46;Recepción sello fundación;2026-10-12;2026-10-16
46;Relleno compactado.;2026-10-19;2026-10-23
47;Entrega de plataformas por urbanizadoa.;2026-10-12;2026-10-16
47;Replanteo topográfico Sitios;2026-10-12;2026-10-16
47;Aprobación de replanteo Sitios;2026-10-19;2026-10-23
47;Visita mecanico de suelos para recepción plataformas.;2026-10-19;2026-10-23
47;Excavación a máquina zonas de arcilla bajo radieres;2026-10-19;2026-10-23
47;Rectificación a mano zonas de arcilla bajo radieres;2026-10-26;2026-10-30
47;Recepción sello fundación;2026-10-26;2026-10-30
47;Relleno compactado.;2026-11-02;2026-11-06
48;Entrega de plataformas por urbanizadoa.;2026-10-12;2026-10-16
48;Replanteo topográfico Sitios;2026-10-12;2026-10-16
48;Aprobación de replanteo Sitios;2026-10-19;2026-10-23
48;Visita mecanico de suelos para recepción plataformas.;2026-10-19;2026-10-23
48;Excavación a máquina zonas de arcilla bajo radieres;2026-10-19;2026-10-23
48;Rectificación a mano zonas de arcilla bajo radieres;2026-10-26;2026-10-30
48;Recepción sello fundación;2026-10-26;2026-10-30
48;Relleno compactado.;2026-11-02;2026-11-06
